"date","DJI.INDX","GSPC.INDX","IXIC.INDX","VIX.INDX","SKEW.INDX","SX5E.INDX","UKX.INDX","N225.INDX","XUTD.LSE","XJSE.SW","IS0L.XETRA","MOVE.INDX","CL.COMM","XAUUSD.FOREX","HG.COMM","NG.COMM","KC.COMM","ZC.COMM","AUDUSD.FOREX","CADUSD.FOREX","CHFUSD.FOREX","EURUSD.FOREX","GBPUSD.FOREX","IUSP.SW","IUKP.LSE","IPRP.LSE","BTC-USD.CC","AAA10Y","T5YIFR","T10Y2Y","CNYUSD.FOREX","JPYUSD.FOREX","YearMonth"
2022-10-13,30038.72,3669.9099,10649.1504,31.94,117.82,3286.07352,7760.670883,178.414456,191.315,8.976,118.1018185,155.08,85.61,1665.8,3.4505,6.741,202.15,697.75,0.6299,0.7238,1.0026,0.9773,1.1329,24.9,462.619715,2218.55807,19382.904033633,1.11,2.3,-0.5,0.139458343792709,0.00679232467311938,"2022-10"
2022-10-14,29634.83,3583.0701,10321.3896,32.02,117.82,3286.703387,7661.26843,181.508092,190.62,8.85204,116.870975,152.89,85.61,1641.76,3.4235,6.453,196.7,689.75,0.6197,0.7267,0.9986,0.9719,1.117,25.38,465.9007,2286.21975,19185.656700327,1.09,2.38,-0.48,0.139062717285496,0.00672268907563025,"2022-10"
2022-10-17,30185.82,3677.95,10675.7998,31.37,116.97,3385.885432,7856.548472,179.397793,191.38,8.85204,119.074233,150.42,82.82,1649.94,3.4065,5.999,195.55,683.5,0.6291,0.7218,0.9963,0.9838,1.1353,25.745,491.868725,2381.29175,19550.757299913,1.08,2.42,-0.43,0.138956437156951,0.00670983326064347,"2022-10"
2022-10-18,30523.8,3719.98,10772.4004,30.5,116.88,3412.565316,7851.002332,181.946138,190.54,8.85204,119.11068,145.79,85.55,1651.83,3.3605,5.745,195.1,681,0.631,0.7292,1.0045,0.9852,1.1318,26.4,486.362755,2405.6409,19334.415149983,1.1,2.4,-0.42,0.138848391441385,0.00669904538603249,"2022-10"
2022-10-19,30423.81,3695.1599,10680.5098,30.76,117.26,3391.748604,7765.683786,182.624446,189.94,8.85204,117.5304735,147.73,85.98,1628.49,3.451,5.462,192.3,678.25,0.6271,0.7285,1.0064,0.9771,1.1214,25.73,467.147205,2334.47445,19139.534351389,1.1,2.38,-0.41,0.138335546702081,0.0066711140760507,"2022-10"
2022-10-20,30333.59,3665.78,10614.8398,29.98,117.41,3417.055155,7800.094103,180.946632,189.305,8.85204,117.4791555,155.61,85.05,1627.66,3.523,5.358,191.05,684,0.6276,0.7261,0.9952,0.9783,1.1233,25.71,476.72852,2370.443825,19053.740240537,1.07,2.37,-0.38,0.138565569227358,0.00666000666000666,"2022-10"
2022-10-21,31082.56,3752.75,10859.7197,29.69,116.19,3427.95718,7877.188846,182.855944,188.31,8.85204,117.96997,156.95,85.05,1656.66,3.4745,4.959,190.9,684.25,0.6378,0.7258,0.9962,0.986,1.1302,25.285,476.77487,2360.70525,19172.469217269,1.17,2.35,-0.28,0.138049090256495,0.00677254410619349,"2022-10"
2022-10-24,31499.62,3797.3401,10952.6104,29.85,114.97,3483.339846,7908.273725,180.73183,188.185,8.85204,118.902708,154.02,85.32,1649.7,3.4505,5.199,190.4,681.5,0.6313,0.7302,1.0006,0.9874,1.1275,25.535,482.90825,2385.22625,19345.572348285,1.16,2.46,-0.25,0.137684152554041,0.0067125356603457,"2022-10"
2022-10-25,31836.74,3859.1101,11199.1201,28.46,114.64,3572.671912,8042.357516,185.301904,189.885,8.85204,121.446214,147.78,87.91,1653.22,3.6295,5.613,185.8,686.25,0.6395,0.7344,1.0054,0.9964,1.1467,26.27,516.12967,2515.28645,20095.856455447,1.2,2.4,-0.32,0.137562935042782,0.00675972555514246,"2022-10"
2022-10-26,31839.11,3830.6001,10970.9902,27.28,113.86,3633.070887,8204.092589,186.536512,190.655,8.85204,123.1359015,140.2,89.08,1664.77,3.6255,5.606,179.75,685,0.6498,0.7379,1.0152,1.0077,1.1627,26.68,522.63365,2536.43005,20770.441271629,1.17,2.32,-0.35,0.13941168269901,0.00683223448228743,"2022-10"
2022-10-27,32033.28,3807.3,10792.6699,27.39,113.23,3590.812862,8180.015116,185.947632,191.655,8.85204,122.965947,142.78,87.9,1662.94,3.466,5.186,178.85,682.25,0.645,0.7372,1.0097,0.9962,1.1564,26.625,527.69423,2578.772,20285.836775702,1.17,2.33,-0.34,0.138331719463273,0.00683597087876406,"2022-10"
2022-10-28,32861.8,3901.0601,11102.4502,25.75,112.06,3599.651826,8182.34487,184.31536,190.975,8.85204,122.0716575,144.6,87.9,1641.76,3.429,5.684,169.8,680.75,0.6412,0.7372,1.004,0.9963,1.161,26.775,524.24955,2514.726,20595.351936601,1.11,2.4,-0.39,0.137883488452258,0.0067812701318957,"2022-10"
2022-10-31,32732.95,3871.98,10988.1504,25.88,111.96,3575.214782,8136.716457,184.835982,190.36,8.85204,120.602249,147.92,88.37,1633.12,3.5095,6.355,177.7,697.75,0.6399,0.7349,1.0036,0.9883,1.1469,27.17,514.38465,2515.438425,20495.774232033,1.08,2.37,-0.41,0.136931903764258,0.00672381912926542,"2022-10"
2022-11-01,32653.2,3856.1001,10890.8496,25.81,111.44,3605.017148,8251.867528,188.216656,190.46,8.9896,120.615847,148.42,90,1647.5,3.5055,5.714,174.6,687.5,0.6396,0.7347,0.9986,0.9874,1.1483,27.125,524.7443925,2591.13895,20485.27324309,1.02,2.37,-0.47,0.137409824802473,0.00674331568832395,"2022-11"
2022-11-02,32147.76,3759.6899,10524.7998,25.86,111.99,3555.727217,8136.461046,188.111052,190.555,8.942,119.9980995,141.17,88.17,1634.89,3.4565,6.268,182.15,679.25,0.6352,0.7343,1.0003,0.9817,1.1389,26.815,518.028665,2523.8024,20159.503067104,0.98,2.38,-0.51,0.137174211248285,0.00676063955650205,"2022-11"
2022-11-03,32001.25,3719.8899,10342.9404,25.3,110.34,3503.709818,8026.105395,188.111052,189.315,8.777,118.3040075,136.28,92.61,1629.15,3.7145,5.975,172.2,681,0.6288,0.7291,0.9967,0.9751,1.1165,26.11,498.573075,2449.601,20209.987415004,1.03,2.26,-0.57,0.136958159282339,0.00674422525712359,"2022-11"
2022-11-04,32403.22,3770.55,10475.25,24.55,111.62,3673.57668,8343.3805,184.958232,189.2,8.777,120.44628,128.44,92.61,1680.27,3.6865,6.4,175.75,681,0.6467,0.7277,0.9868,0.996,1.1375,26.665,515.3159375,2584.4,21147.229732238,1.06,2.35,-0.49,0.139176907767463,0.006821049759558,"2022-11"
2022-11-07,32827,3806.8,10564.5195,24.35,111.67,3715.84672,8403.018489,187.187952,188.775,8.777,120.9343395,128.33,91.79,1674.68,3.6295,6.944,170.55,675.75,0.6479,0.7401,1.0033,1.0019,1.1511,26.605,525.13182,2612.42145,20602.81672527,1.07,2.39,-0.5,0.138320239017373,0.00681965424352985,"2022-11"
2022-11-08,33160.83,3828.1101,10616.2002,25.54,113.55,3766.202816,8428.363104,192.317559,189.305,8.777,122.027316,126.33,88.91,1712.52,3.7055,6.138,166.45,667.5,0.6504,0.7411,1.0112,1.0072,1.1536,26.7,525.609,2629.9196,18541.271853224,1.08,2.39,-0.53,0.1379443532479,0.00686436024162548,"2022-11"
2022-11-09,32513.94,3748.5701,10353.1699,26.09,114.36,3735.113257,8294.377,188.471724,188.82,8.777,122.1666765,124.4,85.83,1706.53,3.7415,5.865,165.15,664.5,0.6431,0.7454,1.0158,1.0019,1.1368,26.715,519.5176,2641.9232,15880.779849172,1.17,2.31,-0.49,0.138085309103964,0.00682803591546891,"2022-11"
2022-11-10,33715.37,3956.3701,11114.1504,23.53,111.42,3920.413952,8625.46013,194.86731,191.595,8.777,125.626592,111.69,86.47,1752.26,3.796,6.239,171,653.25,0.6618,0.7393,1.0168,1.0192,1.1695,27.925,566.3596125,2819.6645,17586.771449547,1.2,2.31,-0.52,0.139140114094894,0.00709345628657563,"2022-11"
2022-11-11,33747.86,3992.9299,11323.3301,22.52,114.09,4005.4449,8662.363948,203.497704,191.355,9.49788,126.256676,111.69,88.96,1771.42,3.951,5.879,170.1,658,0.6703,0.7501,1.0364,1.0354,1.1837,28.14,574.44961,2915.749025,17034.293134713,1.2,2.31,-0.52,0.140680612804749,0.00720435142826267,"2022-11"
2022-11-14,33536.7,3957.25,11196.2197,23.73,113.67,4013.854075,8679.051784,198.540637,191.03,9.49788,125.8772375,119.99,85.87,1771.8,3.855,5.933,166.2,657.25,0.6697,0.7545,1.0593,1.0325,1.1752,27.83,562.09816,2873.9516,16618.199228891,1.1,2.32,-0.52,0.141362736782584,0.00714872931336455,"2022-11"
2022-11-15,33592.92,3991.73,11358.4102,24.54,115.94,4051.335132,8738.681952,201.529224,192.2,9.54648,126.649172,128.62,86.92,1778.25,3.8395,6.034,156.75,666.75,0.6757,0.7505,1.0602,1.0348,1.1858,27.75,564.91512,2864.59635,16884.613907055,1.06,2.3,-0.57,0.141954716445454,0.00717900857891525,"2022-11"
2022-11-16,33553.83,3958.79,11183.6602,24.11,115.56,4034.984976,8753.797052,201.80376,192.965,9.54648,128.071008,130.83,85.59,1773.77,3.788,6.2,155.45,665.25,0.6741,0.7534,1.0605,1.0392,1.1908,27.58,557.05624,2819.5167,16669.440144774,1.08,2.23,-0.68,0.141065609615032,0.00716563362115295,"2022-11"
2022-11-17,33546.32,3946.5601,11144.96,23.93,115.24,4018.04312,8714.465748,198.307047,192.64,9.54648,127.57822,132.18,81.64,1760.87,3.6895,6.369,152.7,667.5,0.6682,0.7499,1.0589,1.036,1.1862,26.775,552.65058,2785.1976,16687.517950541,1,2.24,-0.66,0.139733109760358,0.00713292200149791,"2022-11"
2022-11-18,33745.69,3965.3401,11146.0596,23.12,114.97,4052.004816,8776.951968,198.088367,192.5,9.54648,127.26911,129.33,80.08,1749.74,3.632,6.303,151.3,667.75,0.6672,0.7507,1.0497,1.0324,1.1884,27.3,562.58856,2788.8777,16697.777667787,0.96,2.22,-0.69,0.140457329063431,0.00712428311901115,"2022-11"
2022-11-21,33700.28,3949.9399,11024.5098,22.36,114.52,4005.05736,8723.86281,195.61353,192.66,9.54648,126.5923425,132.13,79.73,1738.6,3.5715,6.776,157.5,659.5,0.6606,0.7476,1.049,1.0245,1.1826,27.265,560.96631,2763.1449,15787.284094522,0.92,2.28,-0.65,0.139561497773994,0.00703556477996271,"2022-11"
2022-11-22,34098.1,4003.5801,11174.4102,21.29,116.24,4051.7269,8864.407896,199.621754,192.89,9.39614,127.467685,133.53,80.95,1741.32,3.6145,6.779,161.8,656.75,0.6649,0.7437,1.0434,1.031,1.1894,27.6,560.712895,2756.73185,16189.769531934,0.93,2.29,-0.71,0.140057984005378,0.00707939541963116,"2022-11"
2022-11-23,34194.06,4027.26,11285.3203,20.35,118.65,4111.401192,9015.770348,199.621754,193.64,9.53532,129.323843,136.2,77.94,1752.38,3.6175,7.308,160.1,663.25,0.6732,0.7484,1.0514,1.0418,1.2077,27.72,562.6976225,2767.142625,16610.706414935,0.85,2.31,-0.75,0.139655052021507,0.00716306722538591,"2022-11"
2022-11-24,34194.06,4027.26,11285.3203,20.42,118.65,4123.639192,9044.29258,204.358248,194.445,9.53532,129.923064,136.2,77.94,1755.39,3.6175,7.177,160.1,663.25,0.6764,0.7494,1.063,1.0408,1.2113,27.72,573.611115,2851.4002,16604.465017954,0.85,2.31,-0.75,0.139821029082774,0.00721370604147881,"2022-11"
2022-11-25,34347.03,4026.1201,11226.3604,20.5,128.11,4121.698882,9055.127365,203.637816,193.735,9.49896,128.953594,129.6,76.28,1754.68,3.6265,7.024,163.55,668,0.6751,0.7498,1.06,1.0402,1.2095,27.785,565.985525,2829.62525,16521.841018961,0.87,2.3,-0.74,0.139559550060011,0.00718829745174855,"2022-11"
2022-11-28,33849.46,3963.9399,11049.5,22.21,118.47,4068.136687,8937.433116,202.772376,194.085,9.4896,127.9358805,131.73,77.24,1740.75,3.6105,6.712,162.85,668.75,0.6651,0.7457,1.0555,1.0337,1.1958,27.56,552.10086,2777.2455,16217.322467641,0.88,2.23,-0.77,0.138730889819927,0.00719657443057105,"2022-11"
2022-11-29,33852.53,3957.6299,10983.7803,21.89,120.38,4063.096188,8979.0936,201.800448,193.945,9.4896,128.612458,131.23,78.2,1749.73,3.63,7.235,168.9,665.75,0.6688,0.7413,1.054,1.0327,1.1953,27.275,551.63095,2747.098225,16444.983270029,0.88,2.2,-0.73,0.139678460184655,0.00720954543816012,"2022-11"
2022-11-30,34589.77,4080.1101,11468,20.58,118.47,4125.29116,9130.06908,204.173627,193.095,9.60388,129.3705675,127.27,80.55,1768.45,3.7295,6.93,169.9,662,0.6787,0.7362,1.0479,1.0405,1.2056,27.405,546.67932,2737.3148,17168.565548486,0.98,2.27,-0.7,0.14099400775467,0.00724401463290956,"2022-11"
2022-12-01,34395.01,4076.5701,11482.4502,19.84,117.79,4192.4909,9261.417797,208.872992,195.34,9.75246,131.987968,119.77,81.22,1802.89,3.814,6.738,165.75,650,0.681,0.7456,1.0595,1.0522,1.2253,28.12,558.98186,2771.01595,16967.133667101,0.9,2.27,-0.72,0.141954716445454,0.00739180249103744,"2022-12"
2022-12-02,34429.88,4071.7,11461.5,19.06,118.11,4191.91102,9284.339801,205.55646,195.695,9.75246,132.046409,118.62,79.98,1797.82,3.848,6.281,162.6,635,0.679,0.7443,1.0679,1.0538,1.2287,27.955,569.25671,2815.258875,17088.660409402,0.85,2.35,-0.77,0.142460289194387,0.00744518482671332,"2022-12"
2022-12-05,33947.1,3998.8401,11239.9404,20.75,117.75,4150.795623,9223.317752,203.08892,195.915,9.597675,131.3001105,126.5,76.93,1768.39,3.7895,5.577,162.6,628.75,0.6698,0.7438,1.0679,1.0491,1.2188,27.76,566.77247,2829.1395,16974.825665134,0.81,2.32,-0.81,0.143636885952313,0.00731234689773683,"2022-12"
2022-12-06,33596.34,3941.26,11014.8896,22.17,117.11,4123.938011,9128.711043,203.566851,196.115,9.597675,131.668613,129.09,74.25,1770.91,3.8115,5.469,163.5,625.5,0.6693,0.7359,1.0612,1.0469,1.2137,27.345,560.85077,2786.958625,17089.50370601,0.8,2.24,-0.83,0.142938822184105,0.00729634088504615,"2022-12"
2022-12-07,33597.92,3933.9199,10958.5498,22.68,117.81,4118.90545,9136.062881,202.11072,197.35,9.597675,132.2842125,131.1,72.01,1786.22,3.8555,5.723,160.2,627.75,0.6724,0.7326,1.0615,1.0505,1.2199,27.5,562.12992,2786.556575,16848.1276289,0.79,2.19,-0.84,0.143434980923148,0.00731984042747868,"2022-12"
2022-12-08,33781.48,3963.51,11082,22.29,117.54,4139.292612,9140.705561,201.293339,197.565,9.597675,132.630862,129.54,71.46,1789.23,3.8805,5.962,158.7,632,0.6769,0.7327,1.0635,1.0556,1.2233,27.75,556.47917,2810.53175,17233.474019915,0.72,2.2,-0.83,0.143525561902575,0.00731716240441957,"2022-12"
2022-12-09,33476.46,3934.3799,11004.6201,22.83,119.24,4151.57886,9162.610065,203.677373,196.61,9.597675,131.50917,132.79,71.02,1796.63,3.876,6.245,158.15,634.75,0.6796,0.7354,1.0685,1.053,1.2255,27.585,560.237325,2818.65,17133.152014141,0.74,2.22,-0.76,0.143711197976546,0.00732198425773385,"2022-12"
2022-12-12,34005.04,3990.5601,11143.7402,25,121.86,4131.63737,9136.20519,203.249009,196.2,9.597675,131.43466,141.93,73.17,1781.15,3.7985,6.587,167.05,641.25,0.6746,0.7323,1.0695,1.0535,1.227,27.445,554.05185,2792.0385,17206.438300672,0.71,2.21,-0.78,0.143315753267599,0.00726321905868681,"2022-12"
2022-12-13,34108.64,4019.6499,11256.8096,22.55,122.73,4238.00029,9269.070306,206.86589,197.805,9.75986,132.7687,135.08,75.39,1810.29,3.8395,6.935,167.9,643.75,0.6854,0.7337,1.0687,1.063,1.2354,28.055,570.56949,2892.6891,17781.31883546,0.75,2.17,-0.71,0.143998848009216,0.00737544713648265,"2022-12"
2022-12-14,33966.35,3995.3201,11170.8896,21.14,124.23,4246.372732,9310.694653,208.355954,197.575,9.7902,132.905444,120.26,77.28,1807.27,3.875,6.43,168.15,639,0.6864,0.7377,1.0764,1.0682,1.2421,28.235,580.93017,2947.5033,17815.649854651,0.79,2.13,-0.74,0.143866261922916,0.00738143568924156,"2022-12"
2022-12-15,33202.22,3895.75,10810.5303,22.83,124.49,4075.81482,9042.104592,204.77741,197.94,9.7902,130.928259,111.26,76.11,1776.66,3.763,6.97,171.5,653.5,0.6702,0.738,1.0818,1.0626,1.2176,27.575,563.07912,2856.4896,17364.864911263,0.8,2.11,-0.79,0.14339384553615,0.00725821085102522,"2022-12"
2022-12-16,32920.46,3852.3601,10705.4102,22.62,120.04,4025.413964,8901.19368,200.947976,197.43,9.7902,129.671828,113.65,74.29,1792.34,3.7615,6.6,164.15,653,0.6685,0.7322,1.078,1.0582,1.214,26.7,539.4409,2719.0565,16647.483478829,0.84,2.12,-0.69,0.14340412717078,0.00731502139643758,"2022-12"
2022-12-19,32757.54,3817.6599,10546.0303,22.42,117.09,4041.82002,8941.047126,198.834772,196.275,9.7902,129.4923525,118.32,75.19,1787.44,3.783,5.71,164.05,647.25,0.67,0.7305,1.07,1.0605,1.2146,26.7,542.80474,2708.558,16439.679646163,0.81,2.11,-0.68,0.143272633494276,0.00730486869498521,"2022-12"
2022-12-20,32849.74,3821.6201,10547.1104,21.48,115.57,4038.624629,8978.152222,201.917028,195.34,9.918,128.747762,119.92,76.09,1817.41,3.7975,5.216,167.8,652,0.6678,0.733,1.0767,1.0621,1.2181,26.4,534.86771,2672.206875,16906.305210421,0.84,2.22,-0.56,0.143638949137448,0.00759272616833074,"2022-12"
2022-12-21,33376.48,3878.4399,10709.3701,20.07,114.25,4105.640645,9059.011756,200.546672,195.48,9.918,128.465948,115,78.29,1814.13,3.806,5.238,169.35,662.25,0.6707,0.7353,1.0797,1.0603,1.2083,26.945,540.35176,2743.747225,16817.534386551,0.86,2.23,-0.53,0.143235694335028,0.00754802430463826,"2022-12"
2022-12-22,33027.49,3822.3899,10476.1201,21.97,114.42,4050.011097,8995.253904,201.459812,195.66,9.918,127.846917,112.05,77.49,1792.57,3.7515,4.928,168.9,660.5,0.6667,0.7346,1.0796,1.0593,1.2043,26.48,533.38447,2726.836275,16830.341423934,0.84,2.14,-0.57,0.143174171379483,0.00755600891609052,"2022-12"
2022-12-23,33203.93,3844.8201,10497.8604,20.87,114.57,4051.374414,9010.955458,196.764375,195.15,9.795,127.95177,113.17,79.56,1797.91,3.803,4.98,172,666.25,0.6718,0.7333,1.0741,1.0614,1.2058,26.63,539.625645,2747.71675,16796.952171216,0.85,2.11,-0.56,0.143063563141104,0.0075298369790294,"2022-12"
2022-12-26,33203.93,3844.8201,10497.8604,20.87,114.57,4051.374414,9010.955458,198.044025,195.15,9.795,127.95177,113.17,79.56,1797.61,3.803,5.144,172,666.25,0.6727,0.7359,1.0719,1.0635,1.206,26.63,539.625645,2747.71675,16919.805174929,0.85,2.11,-0.56,0.143632759759846,0.00752587017873942,"2022-12"
2022-12-27,33241.56,3829.25,10353.2305,21.65,113.44,4077.428382,9010.955458,198.359025,195.15,9.77025,127.012401,124.89,79.53,1813.93,3.8335,5.282,166.95,674.75,0.6732,0.7376,1.0729,1.0638,1.2021,26.64,539.625645,2747.71675,16717.173980127,0.85,2.19,-0.48,0.143676096607807,0.00749147844327078,"2022-12"
2022-12-28,32875.71,3783.22,10213.29,22.14,112.03,4040.396256,9006.374347,197.55375,193.055,9.7425,126.754992,120.07,78.96,1804.09,3.832,4.709,173.55,682.75,0.6737,0.7394,1.0762,1.0608,1.2013,26.755,536.680775,2746.472125,16552.571736514,0.84,2.23,-0.43,0.14329316348317,0.00743632645473136,"2022-12"
2022-12-29,33220.8,3849.28,10478.0898,21.44,113.27,4104.559627,9054.330144,195.702525,193.48,9.703125,127.942661,120.25,78.4,1814.89,3.821,4.559,170.05,679.5,0.6779,0.7353,1.0779,1.0661,1.2052,26.31,545.77482,2801.7887,16642.342671886,0.85,2.22,-0.51,0.143599758752405,0.00751794910348457,"2022-12"
2022-12-30,33147.25,3839.5,10466.4805,21.67,113.57,4059.932124,9014.369878,198.3182,193.565,9.8268,127.739072,121.61,80.26,1824.4,3.8055,4.475,167.3,678.5,0.6814,0.7379,1.0836,1.0702,1.2097,26.74,544.6976675,2807.411275,16602.58515577,0.82,2.27,-0.53,0.144956947786507,0.00762631077216397,"2022-12"
2023-01-02,33147.25,3839.5,10466.4805,21.67,113.57,4111.363158,9014.369878,198.3182,193.565,9.8268,127.853373,121.61,80.26,1823.69,3.8055,4.143,167.3,678.5,0.6803,0.7392,1.0825,1.0662,1.2045,26.74,544.6976675,2807.411275,16688.471357393,0.82,2.27,-0.53,0.144956947786507,0.0076484760411488,"2023-01"
2023-01-03,33136.37,3824.1399,10386.9805,22.9,112.74,4094.263034,9039.224094,198.3182,194.08,9.78386,127.058208,129.97,76.93,1839.49,3.766,3.988,166.3,670.5,0.6734,0.7375,1.0823,1.0546,1.1966,26.515,550.286425,2842.22415,16679.857079814,0.9,2.23,-0.61,0.144613159797542,0.00763271381139564,"2023-01"
2023-01-04,33269.77,3852.97,10458.7598,22.01,112.14,4212.010803,9142.429507,195.448136,195.02,9.78386,128.6559615,125.78,72.84,1854.09,3.7395,4.172,161.3,653.75,0.6833,0.7313,1.0686,1.0599,1.2053,27.12,562.6039075,2932.4949,16863.238258283,0.9,2.23,-0.67,0.145163163395657,0.00753977229887657,"2023-01"
2023-01-05,32930.08,3808.1001,10305.2402,22.46,112.67,4165.37296,9088.38557,193.656,194.76,9.78386,127.28148,119.53,73.67,1833.19,3.818,3.72,160.55,652.75,0.6752,0.7416,1.0757,1.052,1.1906,26.48,549.4619,2873.81075,16836.736645224,0.85,2.22,-0.74,0.1453065969195,0.00749597091563285,"2023-01"
2023-01-06,33630.61,3895.0801,10569.29,21.13,113.86,4276.578252,9310.223308,197.40126,196.615,9.79868,129.755682,113.87,73.77,1865.71,3.9085,3.71,158.3,654,0.6876,0.7375,1.0686,1.0644,1.2092,26.79,558.74109,2928.0778,16951.969516629,0.91,2.24,-0.69,0.146230898588872,0.00757088238634213,"2023-01"
2023-01-09,33517.65,3892.0901,10635.6504,21.97,114.42,4364.815536,9411.294402,197.40126,197.39,9.8572,130.490028,116.67,74.63,1871.59,4.0185,3.91,158.05,652.75,0.6912,0.7443,1.0789,1.0728,1.2183,27.205,568.519695,3003.71865,17196.55405964,0.89,2.26,-0.66,0.14765596160945,0.00758236342267885,"2023-01"
2023-01-10,33704.1,3919.25,10742.6299,20.58,114.65,4355.277564,9352.652595,198.934256,196.13,9.7964,129.843831,119.52,75.12,1877.27,4.067,3.639,150.9,655,0.6888,0.7466,1.0859,1.0734,1.2155,26.96,560.1327875,2977.063375,17446.292509299,0.9,2.28,-0.63,0.147525263701409,0.00756057914036215,"2023-01"
2023-01-11,33973.01,3969.6101,10931.6699,21.09,115.1,4409.29188,9379.670716,200.9896,196.95,9.7964,131.2056225,115.17,77.41,1876.38,4.1545,3.671,143.9,656,0.6901,0.7444,1.0843,1.0755,1.2142,27.52,574.01305,3080.72895,17934.896594139,0.86,2.25,-0.66,0.1476995790562,0.00754830917874396,"2023-01"
2023-01-12,34189.97,3983.1699,11001.0996,18.83,117.39,4475.797128,9508.7288,203.663614,197.8,9.8637,132.668272,112.34,78.39,1896.86,4.186,3.695,149.4,671,0.6973,0.7446,1.0742,1.0846,1.22,28.23,591.639,3152.785,18869.588055266,0.86,2.21,-0.69,0.14839437288538,0.00773784191588966,"2023-01"
2023-01-13,34302.61,3999.0901,11079.1602,18.35,121.7,4494.48624,9590.159982,203.732256,198.51,9.99297,132.42644,113.55,79.86,1920.21,4.2075,3.419,151.7,675,0.6977,0.7476,1.0785,1.0828,1.2226,28.295,591.79953,3142.082,19909.574624751,0.85,2.16,-0.73,0.149186931224825,0.00781891395285195,"2023-01"
2023-01-16,34302.61,3999.0901,11079.1602,19.49,121.7,4496.2112,9582.211337,201.414096,197.53,10.02885,132.241824,113.55,78.85,1918,4.141,3.675,151.7,675,0.6955,0.7465,1.0791,1.0816,1.2191,28.295,597.4504325,3211.1094,21169.632780696,0.85,2.16,-0.73,0.148508969941784,0.00777877173194353,"2023-01"
2023-01-17,33910.85,3990.97,11095.1104,19.36,120.01,4503.267204,9647.345664,203.881704,197.92,10.02885,132.670824,122.27,80.18,1908.39,4.215,3.586,151.1,685.25,0.6988,0.7464,1.0806,1.0788,1.2288,28.295,598.4256,3196.7232,21161.519219916,0.8,2.16,-0.65,0.147625444721652,0.0078042689351075,"2023-01"
2023-01-18,33296.96,3928.8601,10957.0098,20.34,119.91,4504.947728,9667.78222,208.970736,199.18,10.06434,133.453872,112.61,79.48,1903.76,4.2285,3.311,155,681.25,0.6942,0.7468,1.0847,1.0792,1.2346,28.295,593.90433,3146.9954,20688.780729865,0.86,2.15,-0.69,0.148181077276432,0.0077582528414601,"2023-01"
2023-01-19,33044.56,3898.8501,10852.2695,20.52,121.23,4432.876956,9598.117581,205.960794,199.53,10.0854,133.4373615,114.53,80.33,1931.39,4.2265,3.124,154.6,677.25,0.691,0.741,1.0918,1.0827,1.2389,28.295,589.59251,3087.95825,21086.793304844,0.88,2.19,-0.7,0.14756009384822,0.00778603963094172,"2023-01"
2023-01-20,33375.49,3972.6101,11140.4297,19.85,120.19,4472.15145,9630.092187,204.462181,198.1,10.01,132.702375,114.76,81.31,1926.57,4.2485,3.036,154.8,676.25,0.6967,0.7427,1.0923,1.0855,1.2393,28.295,590.712345,3100.7286,22676.551758888,0.88,2.23,-0.66,0.147394796963667,0.00771694254736273,"2023-01"
2023-01-23,33629.56,4019.8101,11364.4102,19.81,120.91,4511.111176,9631.972191,207.176508,197.9,10.0177,132.578732,114.69,81.62,1931.3,4.254,3.447,158.55,666.25,0.7029,0.7479,1.0871,1.0868,1.2373,28.295,588.4289475,3166.2507,22934.431464359,0.87,2.28,-0.69,0.147394796963667,0.00765257317773101,"2023-01"
2023-01-24,33733.96,4016.95,11334.2695,19.2,121.34,4520.56227,9563.273408,210.203763,198.48,10.0177,133.2813825,112.76,80.13,1937.45,4.2455,3.258,159.85,677,0.7048,0.7479,1.085,1.0885,1.2328,28.295,587.2751,3172.6108,22636.469311192,0.87,2.25,-0.66,0.147394796963667,0.00768255675488803,"2023-01"
2023-01-25,33743.84,4016.22,11313.3604,19.08,121.04,4527.662065,9603.6388,210.941577,198.545,10.0254,133.53411,107.74,80.15,1945.93,4.24,3.067,162.45,674.75,0.7104,0.7477,1.0842,1.0915,1.24,28.295,595.293,3163.86,23117.859681905,0.89,2.3,-0.65,0.147394796963667,0.00771604938271605,"2023-01"
2023-01-26,33949.41,4060.4299,11512.4102,18.73,121.49,4545.046822,9628.433066,210.693175,198.25,9.9869,132.8076885,104.28,81.01,1928.99,4.267,2.944,167.15,682.5,0.7115,0.7474,1.0905,1.0889,1.2406,28.295,599.58198,3143.37025,23032.777598708,0.85,2.34,-0.68,0.147394796963667,0.00767901708581302,"2023-01"
2023-01-27,33978.08,4070.5601,11621.71,18.51,121.97,4540.243467,9626.456455,210.845712,198.07,9.93069,132.327459,100.7,79.68,1927.34,4.224,3.109,169.9,683,0.7104,0.751,1.0867,1.0867,1.2397,28.295,606.95712,3159.065525,23078.727879912,0.82,2.33,-0.67,0.147394796963667,0.0077003041620144,"2023-01"
2023-01-30,33717.09,4017.77,11393.8096,19.94,120.69,4509.618372,9615.871424,211.23718,197.76,9.93069,131.423858,103.77,77.9,1922.52,4.2035,2.677,170.4,683.75,0.706,0.7517,1.0859,1.0844,1.2352,29.09,604.35248,3110.8512,22840.13890738,0.83,2.28,-0.7,0.148159122897992,0.0076657723265619,"2023-01"
2023-01-31,34086.04,4076.6001,11584.5498,19.4,123.29,4522.33939,9574.7344,210.418747,198.16,9.93069,131.984162,99.54,78.87,1927.88,4.2285,2.684,181.75,679.75,0.7056,0.7472,1.0808,1.0862,1.232,29.26,597.0272,3091.396,23139.283909912,0.89,2.21,-0.69,0.148045064917761,0.00768609968871296,"2023-01"
2023-02-01,34092.96,4119.21,11816.3203,17.87,122.19,4583.99640501,9605.149736,213.305664,198.525,10.06083,133.373493,97.33,76.41,1950.42,4.111,2.468,175.9,681,0.7137,0.7515,1.0914,1.0989,1.2376,29.265,602.27804,3130.1998,23723.769653485,0.9,2.21,-0.7,0.148326139515567,0.00775524448408236,"2023-02"
2023-02-02,34053.94,4179.7598,12200.8203,18.73,123.88,4627.0600653,9558.581568,213.73599,200.24,10.14,134.33483,97.76,75.88,1912.37,4.094,2.456,177.9,675.25,0.7077,0.7533,1.1022,1.091,1.2223,30.285,630.7068,3298.37655,23471.870441279,0.88,2.18,-0.69,0.148537646866598,0.00777212140053628,"2023-02"
2023-02-03,33926.01,4136.48,12006.9502,18.33,123.08,4595.637814,9522.45918,209.071896,198.12,9.85302,131.6584105,98.99,73.39,1865.53,4.063,2.41,172.8,677.5,0.6922,0.7509,1.0951,1.0793,1.2051,29.775,611.46774,3213.700425,23449.321621507,0.82,2.17,-0.77,0.14760365466649,0.00762282273125738,"2023-02"
2023-02-06,33891.02,4111.0801,11887.4502,19.43,123.01,4512.44785,9416.590736,207.702375,197.235,9.718125,130.2622,105.63,74.11,1867.36,4.0435,2.457,175.7,679,0.6882,0.7463,1.0795,1.073,1.2016,29.41,602.6024,3128.9664,22760.1092633,0.78,2.17,-0.81,0.147158371839774,0.00753778313797912,"2023-02"
2023-02-07,34156.69,4164,12113.79,18.66,123.36,4513.643113,9470.683782,210.409572,197.11,9.8268,129.994929,103.15,77.14,1873.81,4.0885,2.584,177.05,674,0.6959,0.744,1.0777,1.0723,1.2042,29.33,594.51354,3095.3961,23264.291187692,0.79,2.22,-0.8,0.147216865164073,0.00762980200663793,"2023-02"
2023-02-08,33949.01,4117.8599,11910.5195,19.63,121.52,4507.578735,9518.188707,209.809096,195.36,9.8268,129.375429,100.75,78.47,1875.59,4.0435,2.396,175.6,678.5,0.6925,0.7468,1.085,1.0709,1.2071,29.47,601.2263325,3123.069475,22939.398700684,0.83,2.22,-0.82,0.147294928635607,0.00761121893671271,"2023-02"
2023-02-09,33699.88,4081.5,11789.5801,20.71,120.58,4562.950304,9589.89603,209.64106,196.175,9.8268,130.190104,102.45,78.06,1861.39,4.1055,2.43,173.7,670.75,0.6936,0.7438,1.0859,1.0736,1.2122,29.435,598.94802,3135.05225,21819.039914736,0.83,2.21,-0.81,0.14747957407899,0.00760022800684021,"2023-02"
2023-02-10,33869.27,4090.46,11718.1201,20.53,120.88,4481.30095,9504.65821,210.299448,194.695,9.8192,128.9059625,109.63,79.72,1864.67,4.0275,2.514,174.75,680.5,0.6917,0.7436,1.0846,1.0675,1.2058,29.145,590.630985,3080.51755,21651.183782936,0.86,2.19,-0.76,0.146853660327484,0.00760890241582652,"2023-02"
2023-02-13,34245.93,4137.29,11891.79,20.34,122.48,4546.7329888,9644.4126,208.447632,194.645,9.8344,129.34216,110.67,80.14,1853.39,4.087,2.405,177.05,685,0.6966,0.7486,1.0825,1.072,1.2135,29.53,598.2251625,3101.402625,21808.101773601,0.83,2.18,-0.8,0.146560947369964,0.00755201449986784,"2023-02"
2023-02-14,34089.27,4136.1299,11960.1504,18.91,121.27,4550.31218785,9679.83545,207.020775,193.955,9.8344,128.92735,110.59,79.06,1854.29,4.11,2.567,183.55,682.25,0.6986,0.75,1.0886,1.0735,1.217,29.375,596.33,3111.869,22220.804143697,0.78,2.17,-0.83,0.146479368380964,0.00751230139353191,"2023-02"
2023-02-15,34128.05,4147.6001,12070.5898,18.23,121.36,4574.934756,9618.190358,206.26395,193.83,9.70725,128.011464,108.64,78.59,1836.19,4.052,2.471,176.85,676.25,0.6904,0.7496,1.0852,1.0689,1.2026,29.21,587.379905,3067.8326,24307.841328484,0.78,2.19,-0.81,0.145921494236101,0.00745573159366263,"2023-02"
2023-02-16,33696.85,4090.4099,11855.8301,20.17,123.09,4584.295632,9609.427229,207.7233,193.53,9.70725,127.834644,111.01,78.49,1837.44,4.1655,2.389,180.7,676,0.6879,0.7468,1.083,1.0668,1.1993,28.89,583.279555,3034.528825,23623.474480806,0.78,2.22,-0.76,0.145759846077603,0.00746575086789354,"2023-02"
2023-02-17,33826.69,4079.0901,11787.2695,20.02,122.89,4571.6031909,9633.24726,206.348475,193.205,9.70725,128.226407,110.11,76.34,1837.44,4.114,2.275,188.7,677.75,0.688,0.7422,1.0794,1.0694,1.2035,28.605,589.35395,3048.164625,24565.601988947,0.83,2.22,-0.78,0.145611276137224,0.007453508739239,"2023-02"
2023-02-20,33826.69,4079.0901,11787.2695,21.23,122.89,4562.474476,9647.626378,203.736356,193.405,9.70725,128.082521,110.11,76.34,1841.14,4.1635,2.324,188.7,679.25,0.6907,0.7417,1.0807,1.0682,1.2038,28.775,585.678795,3046.2159,24829.147569949,0.83,2.22,-0.78,0.145874664488272,0.00744962193168697,"2023-02"
2023-02-21,33129.59,3997.3401,11492.2998,22.87,124.09,4524.97584,9665.044125,203.30094,192.64,9.70725,127.044041,119.62,76.16,1834.32,4.2345,2.177,194.45,680.5,0.6853,0.7433,1.0832,1.0646,1.2115,28.415,579.7330375,2983.015875,24436.354484576,0.81,2.26,-0.72,0.145486287917364,0.00740713306914559,"2023-02"
2023-02-22,33045.09,3991.05,11507.0703,22.29,122.81,4497.877088,9551.650772,200.571968,192.875,9.70725,126.6554475,118.21,73.95,1825.04,4.2025,2.298,193.35,674,0.6804,0.7388,1.0782,1.0601,1.2044,28.42,570.76516,2933.0151,24188.842976694,0.78,2.3,-0.73,0.145089447644473,0.00741207426898418,"2023-02"
2023-02-23,33153.91,4012.3201,11590.4004,21.14,121.85,4511.52052,9499.544036,200.571968,193.085,9.6126,126.9757775,117.45,75.39,1822.64,4.073,2.314,189.7,660.25,0.6808,0.7383,1.0738,1.0595,1.2013,28.135,572.599645,2963.907425,23947.492523176,0.8,2.28,-0.78,0.144757603393118,0.00742280285035629,"2023-02"
2023-02-24,32816.92,3970.04,11394.9404,21.67,121.22,4406.983572,9410.271504,200.410404,192.23,9.6126,125.924513,122.84,76.32,1810.81,3.955,2.451,187.7,650,0.6726,0.7384,1.071,1.0546,1.1944,27.98,567.36986,2904.1836,23198.127487883,0.8,2.29,-0.83,0.143754582177307,0.00732734933137937,"2023-02"
2023-02-27,32889.09,3982.24,11466.9805,20.95,120.54,4505.864207,9571.329682,200.194908,192.27,9.510075,126.0376775,120.03,75.68,1817.31,4.009,2.731,190.7,642.75,0.6735,0.7356,1.0638,1.0607,1.2062,28.2,577.52856,2958.8086,23522.871914506,0.81,2.23,-0.86,0.143988480921526,0.00734079647641769,"2023-02"
2023-02-28,32656.7,3970.1499,11455.54,20.7,120.01,4482.510688,9467.28856,200.352588,192.42,9.5484,125.129944,123.6,77.05,1827.15,4.0975,2.747,190.4,629.5,0.6729,0.7367,1.0688,1.0576,1.202,28.165,574.6762,2931.3775,23147.353389909,0.84,2.28,-0.89,0.144229382409785,0.00734106592277199,"2023-02"
2023-03-01,32661.84,3951.3899,11379.4805,20.58,118.89,4496.097375,9522.452283,200.870669,191.71,9.5484,125.5430475,121.08,77.69,1836.81,4.168,2.811,185.3,640.5,0.6762,0.7329,1.0617,1.0665,1.2031,27.485,565.81793,2882.326825,23646.549899145,0.77,2.29,-0.88,0.145579479116624,0.00734295260124096,"2023-03"
2023-03-02,33003.57,3981.3501,11462.9805,19.59,117.58,4493.331813,9485.978164,200.741751,190.87,9.5557,124.55598,124.12,78.16,1836,4.084,2.765,182.2,637.75,0.673,0.7359,1.0644,1.0596,1.1941,27.475,562.4211,2870.317875,23475.466737662,0.75,2.31,-0.81,0.14460688617992,0.0073112776457686,"2023-03"
2023-03-03,33390.97,4045.6399,11689.0098,18.49,118.14,4566.23136,9568.32044,206.663278,191.84,9.65256,125.128008,122.52,79.68,1854.97,4.078,3.009,177.85,645.25,0.6769,0.7356,1.0617,1.0632,1.204,28.08,568.1676,2923.914,22362.679331933,0.71,2.33,-0.89,0.144772273214234,0.00735970561177553,"2023-03"
2023-03-06,33431.44,4048.4199,11675.7402,18.61,120.19,4606.254284,9532.400559,208.959572,192.245,9.6274,125.51989,128.19,80.46,1846.85,4.1005,2.572,180.3,644.5,0.6728,0.7351,1.0675,1.0678,1.2021,28.39,574.72401,2973.9954,22429.757533346,0.72,2.28,-0.91,0.144300144300144,0.0073567277275068,"2023-03"
2023-03-07,32856.46,3986.3701,11530.3301,19.59,120.56,4513.019112,9366.368996,206.656868,192.245,9.6274,124.34913,133.33,77.58,1813.52,3.9865,2.687,182.55,642,0.6583,0.7344,1.0745,1.0547,1.1827,27.76,558.7370475,2881.944225,22219.769070942,0.73,2.22,-1.03,0.143620382604699,0.00729102110750611,"2023-03"
2023-03-08,32798.4,3992.01,11576,19.11,119.32,4521.74168,9390.611264,207.642587,192.38,9.6274,124.63008,129.76,76.66,1813.59,4.0415,2.551,177.35,634.5,0.6588,0.7274,1.0613,1.0544,1.1842,27.94,551.748385,2855.1062,21718.079830432,0.74,2.17,-1.07,0.143851775130905,0.00728040479050635,"2023-03"
2023-03-09,32254.86,3918.3201,11338.3496,22.61,122.22,4534.71496,9396.87615,208.948995,192.125,9.6274,125.14024,129.28,75.72,1830.89,4.0545,2.543,175.05,618.5,0.6591,0.7247,1.0628,1.058,1.1925,27.78,540.262125,2763.0225,20363.021111725,0.8,2.17,-0.97,0.143579140822421,0.00734484024972457,"2023-03"
2023-03-10,31909.64,3861.5901,11138.8896,24.8,130.27,4501.488779,9319.71538,208.265378,194.86,9.6829,127.056134,140.06,76.68,1867.83,4.0455,2.43,182.25,624.25,0.6578,0.723,1.072,1.0643,1.2028,26.79,537.83202,2727.0483,20187.243647616,0.88,2.18,-0.9,0.144795331798503,0.00740768176599133,"2023-03"
2023-03-13,31819.14,3855.76,11188.8398,26.52,132.14,4395.177766,9194.986203,208.7472,197.93,10.0425,130.2554245,173.59,74.8,1913.23,4.0695,2.606,183.2,624.5,0.6666,0.7265,1.0889,1.0729,1.2181,26.39,539.801015,2767.218675,24197.532997775,1.06,2.22,-0.48,0.146060030672606,0.00750722570474081,"2023-03"
2023-03-14,32155.4,3919.29,11428.1504,23.73,132.72,4485.407204,9285.198338,201.443096,195.855,9.95818,128.805464,169.65,71.33,1902.12,4.0105,2.573,180.9,627.5,0.6681,0.7281,1.0959,1.0732,1.2158,26.91,548.87291,2803.0269,24746.074658848,1.04,2.27,-0.56,0.145528632758495,0.00745017694170237,"2023-03"
2023-03-15,31874.57,3891.9299,11434.0498,26.14,136.62,4266.9279,8861.078925,204.2211,199.555,10.08,130.1835375,169.65,67.61,1918.1,3.8565,2.439,178.05,626.5,0.6616,0.7305,1.0935,1.0575,1.2065,26.32,544.1315,2720.355875,24375.961357831,1.09,2.25,-0.42,0.144772273214234,0.00749540906194956,"2023-03"
2023-03-16,32246.55,3960.28,11717.2803,22.99,134.53,4366.05729,8971.323321,202.579575,197.48,9.9975,129.3332775,167.96,68.35,1919.12,3.8855,2.514,185.5,632.75,0.6657,0.7265,1.0741,1.0605,1.2107,26.485,540.517015,2685.3326,25052.789721748,1.03,2.18,-0.58,0.144963251815665,0.00747691502486074,"2023-03"
2023-03-17,31861.98,3916.6399,11630.5098,25.51,131.34,4335.718334,8930.8495,207.736804,198.78,9.9975,131.266462,180.11,66.74,1987.93,3.9135,2.338,183,634.25,0.6696,0.7289,1.0762,1.0666,1.2175,25.96,533.9955,2651.10625,27423.930634049,1.08,2.1,-0.42,0.145207428812058,0.00758639001631074,"2023-03"
2023-03-20,32244.58,3951.5701,11675.54,24.15,129.91,4415.60426139,9088.96626,204.787092,198.505,10.1536,131.9026545,182.64,67.64,1978.71,3.9755,2.223,184.9,633,0.6719,0.7294,1.0791,1.0719,1.2276,26.115,540.51228,2693.3544,27767.236331826,1.05,2.14,-0.45,0.145380533546558,0.00761498629302467,"2023-03"
2023-03-21,32560.6,4002.8701,11860.1104,21.38,127.46,4502.32398252,9204.739108,204.787092,197.02,10.146,130.937487,162.31,69.33,1940.15,4.0185,2.348,186.7,630,0.6669,0.7315,1.0762,1.0767,1.2214,26.125,536.86637,2702.3475,28175.816835425,1,2.21,-0.58,0.145253831069794,0.00754631551145153,"2023-03"
2023-03-22,32030.11,3936.97,11669.96,22.26,123.16,4554.43235,9279.972576,208.746236,197.03,10.11066,131.4269125,142.84,70.9,1969.58,4.0685,2.171,178,633.5,0.6684,0.7295,1.0852,1.0855,1.2264,25.58,526.00296,2595.6756,27307.436768413,1.05,2.25,-0.48,0.145334050314648,0.00760716595032521,"2023-03"
2023-03-23,32105.25,3948.72,11787.4004,22.61,125.5,4556.33262,9213.2586,208.389036,198.625,10.1308,132.402165,151.4,69.96,1993.5,4.146,2.283,174.3,631.75,0.6684,0.729,1.0911,1.083,1.2285,25.44,527.39505,2601.041625,28333.972711379,1.15,2.12,-0.38,0.14662971597824,0.00764379896808714,"2023-03"
2023-03-24,32237.53,3970.99,11823.96,21.74,126.88,4444.134058,9056.86535,208.1279,199.52,10.1308,132.314182,173.66,69.26,1977.22,4.1015,2.361,179.25,643,0.6646,0.729,1.0912,1.0759,1.223,24.885,514.883,2508.373,27493.285143623,1.06,2.23,-0.38,0.145602795573675,0.00765081672468536,"2023-03"
2023-03-27,32432.08,3977.53,11768.8398,20.6,126,4496.123752,9178.322268,208.824212,198.21,10.06544,131.705802,161.67,72.81,1956.56,4.1045,2.088,176.9,648.25,0.665,0.7285,1.0871,1.0796,1.2284,25.49,515.37522,2526.2046,27139.888530522,1.01,2.21,-0.41,0.145241172967713,0.00760080568540265,"2023-03"
2023-03-28,32394.25,3971.27,11716.0801,19.97,122.9,4519.590103,9235.5645,209.1387,197.425,10.10762,131.7695575,155.96,73.2,1973.69,4.112,2.03,173.75,647.25,0.671,0.7324,1.0929,1.0843,1.234,25.52,514.2695,2464.298,27268.131482915,0.96,2.28,-0.47,0.145454545454545,0.00764087870105062,"2023-03"
2023-03-29,32717.6,4027.8101,11926.2402,19.12,123.76,4587.966061,9312.372797,209.12835,197.245,10.028625,131.4659535,150.58,72.97,1964.04,4.115,1.991,169.7,650.5,0.6684,0.7357,1.0865,1.0843,1.2311,25.805,524.81793,2517.5995,28348.442342812,0.95,2.28,-0.51,0.145198995222953,0.00752671985548698,"2023-03"
2023-03-30,32859.03,4050.8301,12013.4697,19.02,126.31,4671.536342,9436.378469,208.371975,197.25,10.065,131.5151145,141.24,74.37,1980.25,4.0905,2.104,169.8,649.5,0.671,0.7373,1.0892,1.0901,1.2383,26.44,544.60434,2632.316225,28033.563150396,0.93,2.28,-0.55,0.14552016181842,0.00753835136255701,"2023-03"
2023-03-31,33274.15,4109.3101,12221.9102,18.7,125.85,4677.07955169,9412.224942,210.3111,197.865,10.012875,131.5041675,135.93,75.67,1967.9,4.1045,2.216,170.5,660.5,0.6686,0.7395,1.0948,1.0839,1.2333,26.62,545.056935,2618.91255,28478.48460568,0.9,2.24,-0.58,0.145581598485951,0.0075298369790294,"2023-03"
2023-04-03,33601.15,4124.5098,12189.4502,18.55,126.21,4696.888975,9522.9603,214.22994,199.28,10.10914,132.74468,138.17,80.42,1984.11,4.0595,2.097,176.25,657.75,0.6786,0.7406,1.0899,1.0895,1.2411,27.17,552.599775,2633.303925,27790.220854774,0.92,2.19,-0.54,0.145384760769376,0.00755172934602024,"2023-04"
2023-04-04,33402.38,4100.6001,12126.3301,19,127.03,4726.138464,9542.386548,214.984392,200.02,10.06848,133.389884,147.75,80.71,2019.97,3.9835,2.106,174.85,653.75,0.6753,0.7444,1.0956,1.0952,1.2499,26.495,556.143005,2659.16225,28168.089816403,1.06,2.18,-0.49,0.145353062589029,0.00759272616833074,"2023-04"
2023-04-05,33482.72,4090.3799,11996.8604,19.08,126.98,4686.501908,9545.724358,211.380776,201.075,10.0624,133.4036565,153.9,80.61,2020.35,3.998,2.155,180.15,652.75,0.6719,0.7442,1.1045,1.0903,1.2457,26.6,547.36058,2586.0732,28177.983556951,1.08,2.17,-0.49,0.145353062589029,0.00761498629302467,"2023-04"
2023-04-06,33485.29,4105.02,12087.96,18.4,124.42,4705.9194,9629.726484,208.791988,201.065,10.0624,133.69902,147.73,80.7,2008.02,4.026,2.011,183.6,643.5,0.6672,0.7433,1.1033,1.092,1.2439,26.63,564.046455,2660.7021,28044.139754944,1.06,2.17,-0.52,0.145437621804008,0.00758869284765699,"2023-04"
2023-04-07,33485.29,4105.02,12087.96,18.4,124.42,4705.9194,9629.726484,209.139156,201.065,10.0624,133.69902,139.2,80.7,2008.02,4.026,2.011,183.6,643.5,0.6669,0.741,1.1057,1.0897,1.2413,26.63,564.046455,2660.7021,27925.859408413,1.06,2.17,-0.58,0.145554051497023,0.00756744485224564,"2023-04"
2023-04-10,33586.52,4109.1099,12084.3604,18.97,126.96,4705.9194,9629.726484,207.25245,201.065,10.0624,133.69902,143,79.74,1989.65,3.9865,2.172,182.6,654,0.6639,0.7405,1.1059,1.0859,1.2381,26.63,564.046455,2660.7021,29652.980097084,1.04,2.2,-0.59,0.145315043013253,0.00748418964936571,"2023-04"
2023-04-11,33684.79,4108.9399,12031.8799,19.1,127.42,4727.6227721,9672.978528,209.425275,199.09,9.915,132.441945,139.78,81.53,2003.14,4.0245,2.186,190.5,651,0.6651,0.7406,1.1003,1.091,1.2424,26.915,564.91928,2681.4098,30235.058938955,1,2.22,-0.6,0.145201103528387,0.00748139004226985,"2023-04"
2023-04-12,33646.5,4091.95,11929.3398,19.09,130,4762.665567,9766.182804,210.62025,199.58,9.9555,132.714153,129.68,83.26,2014.67,4.0845,2.093,190.25,656,0.6689,0.7428,1.1075,1.0989,1.2481,27.19,571.87942,2741.139625,30139.052871052,1.04,2.25,-0.54,0.145458776982603,0.00751117286964359,"2023-04"
2023-04-13,34029.69,4146.2202,12166.2695,17.8,132.36,4818.762256,9819.91176,211.177275,199.54,9.9555,133.256904,119.95,82.16,2039.73,4.124,2.007,196.1,652.25,0.6783,0.744,1.1164,1.1044,1.252,26.36,572.0075,2750.957,30399.066385492,1.03,2.29,-0.51,0.145596435799252,0.00754290024514426,"2023-04"
2023-04-14,33886.47,4137.6401,12123.4697,17.07,134.65,4827.6349026,9772.976265,213.701025,198.205,9.96,132.2423625,118.84,82.52,2004.26,4.1075,2.114,193.4,666.25,0.6709,0.7496,1.1249,1.0995,1.2415,26.47,571.772825,2794.6165,30485.700029255,1,2.29,-0.56,0.145530750647612,0.00747467952311545,"2023-04"
2023-04-17,33987.18,4151.3198,12157.7197,16.95,135.04,4772.0545101,9750.105674,211.009372,197.3,9.80019,130.980888,122.69,80.83,1994.77,4.066,2.275,201,676.5,0.6701,0.7482,1.1176,1.0926,1.2374,26.47,570.93636,2803.63905,29445.044904963,0.96,2.29,-0.58,0.145353062589029,0.0074360499702558,"2023-04"
2023-04-18,33976.63,4154.8701,12153.4102,16.83,137.12,4820.59980225,9826.688256,214.941225,197.625,9.932625,131.476464,122.78,80.86,2004.93,4.0895,2.366,205.25,677.5,0.6725,0.7467,1.113,1.0971,1.2424,26.785,568.64648,2799.4378,30397.552735523,0.94,2.23,-0.61,0.14543339150669,0.00745656550592797,"2023-04"
2023-04-19,33897.01,4154.52,12157.2305,16.46,130.48,4812.71208686,9824.490126,211.690024,196.94,9.80019,131.020794,124.02,79.16,1993.26,4.072,2.222,202.55,672.25,0.6715,0.7468,1.1162,1.0954,1.2438,26.705,562.63293,2766.8331,28822.680472901,0.93,2.23,-0.64,0.145226407970025,0.00742335387127904,"2023-04"
2023-04-20,33786.62,4129.79,12059.5596,17.17,133.49,4808.875962,9833.2053019414,213.480110250298,198.11,9.86553933253873,131.7959225,120.61,77.29,2004.34,4.0255,2.427,195.9,663.75,0.6741,0.742,1.1209,1.0967,1.2443,26.8,568.3029175,2744.9258,28245.987310493,NA,2.24,-0.6,0.145492638072514,0.00744934445768772,"2023-04"
2023-04-21,33808.96,4133.52,12072.46,16.77,132.94,4843.717833,9837.226421814,212.904781425856,197.725,9.83863153579548,131.613273,120.84,77.87,1982.89,3.98,2.233,194.2,663.25,0.6691,0.7385,1.1201,1.0987,1.243,26.66,568.144225,2761.946,27276.909687576,NA,2.26,-0.6,0.145064190904475,0.007453508739239,"2023-04"
2023-04-24,33875.4,4137.04,12037.2002,16.89,132.4,4860.02738,9876.008283399,213.01091369613,198.46,9.8335009498268,132.1883725,126.28,78.76,1988.88,3.954,2.273,196.75,651.25,0.6697,0.7385,1.1268,1.1041,1.2482,26.5,569.8033,2767.8835,27525.339499591,NA,2.23,-0.6,0.145003190070182,0.00744962193168697,"2023-04"
2023-04-25,33530.83,4071.6299,11799.1602,18.76,130.29,4803.37702,9791.2770015984,214.029838468442,199.605,9.88632964403231,132.54176,137.13,77.07,1997.87,3.848,2.307,192.45,646.5,0.6626,0.7338,1.1213,1.0972,1.2408,26.495,564.50196,2721.0744,28307.598090665,NA,2.24,-0.46,0.144243945360394,0.00747831289261143,"2023-04"
2023-04-26,33301.87,4055.99,11854.3496,18.84,130.5,4799.87184,9789.8365421766,212.59469569446,199.645,9.90536041596529,133.09272,130.39,74.3,1989.48,3.8535,2.117,195.85,641.5,0.6599,0.7333,1.122,1.104,1.2467,26.38,571.9547925,2746.791775,28422.700878492,NA,2.24,-0.47,0.144366807183692,0.00748139004226985,"2023-04"
2023-04-27,33826.16,4135.3501,12142.2402,17.03,136.6,4805.621735,9779.3190423726,212.442088761151,198.505,9.88391624052854,132.401189,122.43,74.76,1987.87,3.8645,2.355,192.1,627,0.663,0.7357,1.1182,1.1027,1.2487,26.455,574.402,2772.114,29473.786183673,NA,2.25,-0.54,0.14442935960022,0.0074651935351424,"2023-04"
2023-04-28,34098.16,4169.48,12226.5801,15.78,138.44,4803.95962,9894.9184432056,211.720459297847,199.285,9.80960416743094,133.63403,122.46,76.78,1989.65,3.87,2.41,189.85,636,0.6608,0.7379,1.1183,1.102,1.2572,27.145,591.76404,2808.5848,29340.262498158,NA,2.16,-0.6,0.144673832843854,0.0073370263032393,"2023-04"
2023-05-01,34051.7,4167.8701,12212.5996,16.08,135.66,4784.342725,9894.9184432056,211.812647732645,199.285,9.80960416743094,133.63403,128.18,75.66,1982.05,3.917,2.318,189.25,639.5,0.6631,0.7383,1.1162,1.0975,1.2496,27.145,591.76404,2808.5848,28091.568803892,NA,2.22,-0.55,0.144673832843854,0.00727299174515437,"2023-05"
2023-05-02,33684.53,4119.5801,12080.5098,17.78,131.09,4723.905515,9688.2672,213.525319468346,199.465,9.79092673281828,133.9623205,137.55,71.66,2016.28,3.8625,2.214,190.65,638,0.6662,0.7339,1.1196,1.0999,1.2464,26.38,577.33248,2719.9564,28680.536967913,NA,2.22,-0.53,0.144673832843854,0.00732305664384314,"2023-05"
2023-05-03,33414.24,4090.75,12025.3301,18.34,130.41,4766.62761964,9785.3456368728,213.525319468346,200.29,9.88937560323706,134.7373265,134.5,68.6,2039.02,3.845,2.17,189.2,645.25,0.667,0.7345,1.1316,1.1059,1.2564,26.54,582.43563,2734.2405,29006.307670909,NA,2.21,-0.51,0.144673832843854,0.00742445615858638,"2023-05"
2023-05-04,33127.74,4061.22,11966.4004,20.09,130.54,4720.44531959,9683.7088432056,213.525319468346,200.835,9.98585151537717,134.8241895,140.71,68.56,2051.11,3.863,2.101,186.4,646.5,0.6694,0.7386,1.129,1.1011,1.2572,26.545,580.07208,2714.9234,28847.711590655,NA,2.25,-0.38,0.144786946008948,0.00744657085412168,"2023-05"
2023-05-05,33674.38,4136.25,12235.4102,17.19,134.32,4781.851731,9832.6753161182,213.525319468346,199.225,9.92991953724647,133.834516,130.21,71.34,2016.54,3.883,2.137,191,653.25,0.6749,0.7477,1.1225,1.1017,1.2641,27.08,590.58752,2738.67265,29534.384019705,NA,2.23,-0.48,0.144707329426235,0.00741592198450072,"2023-05"
2023-05-08,33618.69,4138.1201,12256.9199,16.98,132.32,4785.25457004,9832.6753161182,214.292756948814,199.225,9.90192087049854,133.39599,135.07,73.16,2021.39,3.9295,2.238,186.9,656.5,0.6783,0.7477,1.1244,1.1004,1.2617,27.125,590.58752,2738.67265,27694.272896273,NA,2.24,-0.48,0.144665461121157,0.00740219845294052,"2023-05"
2023-05-09,33561.81,4119.1699,12179.5498,17.71,133.88,4738.104996,9797.5179136662,216.245063965097,198.56,9.89203579087481,132.70368,133.93,73.71,2034.17,3.9015,2.267,188,642.25,0.6761,0.7469,1.123,1.096,1.2619,26.89,574.41688,2638.00195,27658.774672519,NA,2.24,-0.48,0.144498229896684,0.00739480884419138,"2023-05"
2023-05-10,33531.33,4137.6401,12306.4404,16.94,138.63,4728.82248,9772.616873832,216.755461277958,199.14,9.95645863570392,133.33563,125.6,72.56,2029.51,3.841,2.191,187.45,645.5,0.6779,0.7478,1.1239,1.098,1.2624,27.065,575.6544,2661.1392,27621.756227331,NA,2.21,-0.47,0.144231462651263,0.00744296825574039,"2023-05"
2023-05-11,33309.51,4130.6201,12328.5098,16.93,138.18,4703.66115,9670.2076625882,216.467020920813,200.17,9.94388911597488,133.254483,128.21,70.87,2015.55,3.71,2.19,185.8,632.5,0.6702,0.7412,1.1185,1.0914,1.2509,26.86,571.28603,2655.6607,27000.788270734,NA,2.22,-0.5,0.14390973981119,0.00743190516889004,"2023-05"
2023-05-12,33300.62,4124.0801,12284.7402,17.03,140.26,4684.04078016,9659.9053420786,216.528274083625,199.62,9.8581690919138,131.955072,120.52,70.04,2011.15,3.7285,2.266,186,633.25,0.6647,0.738,1.1134,1.0848,1.2457,26.79,561.2812775,2602.89015,26804.990670688,NA,2.25,-0.52,0.14371326329707,0.00736783938110149,"2023-05"
2023-05-15,33348.6,4136.2798,12365.21,17.12,138.57,4692.800952,9743.1250342765,217.648692330297,198.655,9.8005436379665,131.85018,127.89,71.11,2018.41,3.751,2.375,193.05,592.5,0.6701,0.7426,1.1165,1.0872,1.2527,26.77,574.049775,2652.905425,27192.693221165,NA,2.26,-0.49,0.143833153541891,0.00734645900675874,"2023-05"
2023-05-16,33012.14,4109.8999,12343.0498,17.99,137.32,4687.075411,9677.248472353,218.814312424387,197.985,9.80349745206584,131.244324,130.3,70.86,1988.6,3.667,2.376,190.35,581.25,0.6656,0.7416,1.1155,1.0861,1.2485,26.53,574.9030375,2630.901625,27036.650709944,NA,2.27,-0.52,0.14329316348317,0.00733218462440884,"2023-05"
2023-05-17,33420.77,4158.77,12500.5703,16.87,137.53,4685.948997,9643.187763477,218.568398881505,197.925,9.72509714202709,131.1031245,120.78,72.83,1981.72,3.7545,2.365,189.85,561.5,0.666,0.7433,1.1125,1.0839,1.2486,26.205,569.67375,2603.9553,27398.802027965,NA,2.28,-0.55,0.142885720001143,0.00726295529651015,"2023-05"
2023-05-18,33535.91,4198.0498,12688.8398,16.05,138.06,4703.30916649,9606.645598044,220.392358983601,197.14,9.72509714202709,129.3195365,122.5,71.86,1958.05,3.6895,2.715,190.45,555.25,0.6618,0.7406,1.1043,1.0769,1.2408,26.205,559.50774,2566.2846,26832.209300486,NA,2.3,-0.59,0.142130248159413,0.00720850603712381,"2023-05"
2023-05-19,33426.63,4191.98,12657.9004,16.81,135.52,4747.80295198,9652.6862380488,223.30554850868,196.86,9.71260827021346,130.039877,127.51,71.55,1976.56,3.732,2.707,192,554.5,0.6651,0.7408,1.1114,1.0802,1.2444,26.185,556.37124,2589.2853,26890.128242408,NA,2.29,-0.58,0.142696100115584,0.00724821512702497,"2023-05"
2023-05-22,33286.58,4192.6299,12720.7803,17.21,136.24,4741.29951183,9664.7927,224.28353955485,196.125,9.66776090328632,129.7806495,132.29,71.99,1969.43,3.685,2.551,189.2,571,0.6654,0.7404,1.1138,1.0811,1.2437,26.09,557.2708775,2598.71115,26851.277627891,NA,2.3,-0.57,0.142130248159413,0.00721474694275098,"2023-05"
2023-05-23,33055.51,4145.5801,12560.25,18.53,136.42,4675.87833744,9633.883,223.368591940546,195.98,9.66845845809733,129.124472,131.7,72.91,1974.73,3.6545,2.321,187.45,577.5,0.661,0.7406,1.1098,1.0768,1.241,26.21,562.5453,2637.125,27225.726590635,NA,2.31,-0.56,0.141711305727971,0.00721526750604279,"2023-05"
2023-05-24,32799.92,4115.2402,12484.1602,20.03,138.37,4582.67215868,9430.1465611672,219.986951066499,195.14,9.62287148234451,129.078106,132.29,74.34,1957.01,3.5615,2.398,188,587.25,0.6544,0.7356,1.105,1.0748,1.2364,25.82,549.5798,2571.4029,26334.818214436,NA,2.36,-0.58,0.141625005310938,0.00716974368166338,"2023-05"
2023-05-25,32764.65,4151.2798,12698.0898,19.14,140.73,4576.627116,9328.1057692542,219.913822647437,194.22,9.53876909895759,128.2474755,139.54,71.83,1940.34,3.588,2.307,182.7,590.75,0.6507,0.7332,1.1042,1.0719,1.2321,25.41,539.5057875,2528.577225,26476.207531973,NA,2.38,-0.67,0.14126488578734,0.00713979722975867,"2023-05"
2023-05-26,33093.34,4205.4502,12975.6904,17.95,146.46,4651.53971856,9414.2532006885,219.833682938102,193.43,9.49976890532229,128.082094,145.37,72.67,1946.33,3.682,2.181,181.6,604,0.6518,0.7345,1.1044,1.0724,1.2343,25.465,537.53765,2521.6749,26719.290984617,NA,2.33,-0.74,0.141548827267966,0.00711060546805561,"2023-05"
2023-05-29,33093.34,4205.4502,12975.6904,17.95,146.46,4624.570705,9414.2532006885,222.381915272339,193.43,9.49976890532229,128.7222725,145.37,72.67,1942.84,3.682,2.349,181.6,604,0.6538,0.7359,1.1061,1.0705,1.2351,25.465,537.53765,2521.6749,27745.884443552,NA,2.33,-0.74,0.141382723031246,0.00711997152011392,"2023-05"
2023-05-30,33042.78,4205.52,13017.4297,17.46,145.14,4606.152814,9337.1828516474,224.084689388792,195.05,9.55616751904438,129.8693,141.36,69.46,1959.14,3.663,2.327,177.1,594,0.6518,0.7351,1.1039,1.0733,1.2413,25.775,543.006685,2511.77055,27702.34877478,NA,2.32,-0.77,0.141242937853107,0.00715281999928472,"2023-05"
2023-05-31,32908.27,4179.8301,12935.29,17.94,158.3,4508.241152,9260.7146918826,221.664788833471,195.655,9.58771394739675,129.88592,136.02,68.09,1962.3,3.637,2.266,178.65,594,0.6503,0.7367,1.0981,1.0688,1.2437,25.785,543.4969,2497.038675,27219.658608111,NA,2.29,-0.76,0.140613355456501,0.00717643259535685,"2023-05"
2023-06-01,33061.57,4221.02,13100.9805,15.65,151.98,4581.61788735,9381.6005057625,224.417378147628,196.225,9.62570697791707,131.0205555,124.63,70.1,1977.88,3.711,2.158,183.05,592.5,0.6572,0.7435,1.1044,1.0761,1.2525,25.81,552.6343125,2503.434375,26819.973219708,NA,2.25,-0.72,0.140954260342519,0.0072048704924529,"2023-06"
2023-06-02,33762.76,4282.3701,13240.7695,14.6,142.61,4628.760512,9469.566797264,225.245400307242,195.57,9.54592547604587,129.826309,120.95,71.74,1947.63,3.7275,2.172,180.3,609,0.6612,0.7449,1.1,1.0706,1.2448,26.28,564.33008,2597.8976,27249.588949088,NA,2.23,-0.81,0.141147244805781,0.00714515379943553,"2023-06"
2023-06-05,33562.86,4273.79,13229.4297,14.73,143.18,4598.92361552,9452.12,230.850028661508,195.29,9.56613642877615,129.224212,119.08,72.15,1961.45,3.768,2.245,183.1,597.5,0.6618,0.7438,1.1033,1.0712,1.2437,26.435,563.52047,2617.36665,25760.096999536,NA,2.23,-0.77,0.140795494544175,0.00716537689882488,"2023-06"
2023-06-06,33573.28,4283.8501,13276.4199,13.96,146.27,4592.01553251,9477.1515617552,232.798223940989,195.205,9.58928635370788,129.0991705,114.42,71.74,1962.85,3.7685,2.262,182.6,608,0.6671,0.746,1.1017,1.0691,1.2424,26.615,565.97532,2625.1912,27238.783726217,NA,2.26,-0.81,0.140459301917269,0.00716152827013285,"2023-06"
2023-06-07,33665.02,4267.52,13104.9004,13.94,151.01,4591.056127,9480.054377537,227.751935771633,194.52,9.56289027653881,128.4656215,120.5,72.53,1939.63,3.756,2.329,185.4,604.25,0.6652,0.7478,1.0983,1.0697,1.2434,26.9,560.21387,2640.3599,26345.998851267,NA,2.27,-0.77,0.140266225295611,0.00713648528099911,"2023-06"
2023-06-08,33833.61,4293.9302,13238.5195,13.65,155.53,4633.328808,9539.9036547835,227.757926938996,195.02,9.6095015296023,129.781678,115.11,71.29,1967.76,3.795,2.352,194.85,610.25,0.6716,0.7489,1.1129,1.0781,1.2553,26.93,561.7153675,2645.858575,26508.215902156,NA,2.26,-0.79,0.140603470093642,0.00719812848659348,"2023-06"
2023-06-09,33876.78,4298.8599,13259.1396,13.83,152.78,4610.237313,9505.1804368238,231.532201930322,194.875,9.59420185856266,129.737784,115.77,70.17,1960.6,3.789,2.254,190.65,604.25,0.674,0.7495,1.1062,1.0747,1.2569,26.98,559.94895,2671.54095,26480.375093595,NA,2.27,-0.84,0.14027999887776,0.00717591762046572,"2023-06"
2023-06-12,34066.33,4338.9302,13461.9199,15.01,157.71,4643.25173524,9471.7030139645,232.326922388167,194.715,9.57702088034096,129.740177,119.8,67.12,1956.92,3.752,2.266,185.55,617.25,0.6751,0.7481,1.1001,1.0757,1.2511,26.76,552.047875,2649.20425,25902.499869783,NA,2.25,-0.82,0.139946260635916,0.00716306722538591,"2023-06"
2023-06-13,34212.12,4369.0098,13573.3203,14.61,156.44,4691.44465812,9578.561514066,235.48586099918,194.495,9.57101593980672,129.70782,118.8,69.42,1943.33,3.831,2.34,182.75,612.5,0.6767,0.7509,1.1048,1.0791,1.2612,26.975,544.99605,2639.061,25918.728401268,NA,2.28,-0.83,0.139506982324465,0.00713190457511678,"2023-06"
2023-06-14,33979.33,4372.5898,13626.4805,13.88,150.37,4739.62621251,9625.7787168895,239.140725935972,194.74,9.57921410471466,130.1182185,114.37,68.27,1942.99,3.87,2.342,184.4,607.75,0.6796,0.7505,1.1098,1.0831,1.2661,27.235,544.67622,2673.053625,25124.676679841,NA,2.27,-0.91,0.139590720008934,0.0071380134908455,"2023-06"
2023-06-15,34408.06,4425.8398,13782.8203,14.5,147.86,4777.61847695,9749.7299807705,238.687647016894,195.075,9.5701760638677,130.978815,107.34,70.62,1957.65,3.901,2.533,187,623.25,0.6886,0.7562,1.1213,1.0945,1.2781,26.995,548.3049,2610.51925,25576.394008264,NA,2.26,-0.9,0.140429714927679,0.00712809180982251,"2023-06"
2023-06-16,34299.12,4409.5898,13689.5703,13.54,143.07,4804.856706,9795.6488399315,237.642894913103,194.855,9.5701760638677,131.2670645,104.43,71.78,1957.36,3.889,2.632,184.9,597.75,0.6878,0.7577,1.1186,1.0933,1.2817,27.18,552.476785,2611.784175,26327.462394217,NA,2.27,-0.93,0.140319366879017,0.00705044594070575,"2023-06"
2023-06-19,34299.12,4409.5898,13689.5703,13.54,143.07,4764.5897977,9705.6915,235.019508416086,194.185,9.45841256426509,130.567049,104.43,71.78,1950.12,3.889,2.643,184.9,640.25,0.685,0.757,1.1164,1.0922,1.279,27.035,542.296,2557.8721,26851.028545521,NA,2.27,-0.93,0.139635551211338,0.00704274948940066,"2023-06"
2023-06-20,34053.87,4388.71,13667.29,13.88,138.75,4740.97588124,9659.1834811605,236.039093704712,195.52,9.5224629740907,131.532342,104.43,70.5,1935.91,3.8835,2.492,177.45,643.75,0.6784,0.7556,1.1135,1.0916,1.2761,26.865,541.83206,2538.54573,28327.488264328,NA,2.3,-0.94,0.139246675485623,0.00706938602382383,"2023-06"
2023-06-21,33951.52,4365.6899,13502.2002,13.2,133.72,4748.1086,9652.3427289955,236.636289953131,194.79,9.49360397505022,132.203424,110.84,72.53,1932.26,3.8835,2.597,172,671,0.6797,0.7597,1.1196,1.0984,1.2769,26.68,533.297285,2524.04823,30027.296453501,NA,2.27,-0.96,0.139285465561669,0.00704796137717165,"2023-06"
2023-06-22,33946.71,4381.8901,13630.6104,12.91,136.15,4715.977332,9562.0492,232.434615518988,194.755,9.39803654403801,131.340528,107.6976,69.51,1913.52,3.8835,2.607,169.88,660.5,0.6757,0.7605,1.1169,1.0956,1.2746,26.145,523.255165,2498.34346,29912.281714768,NA,2.3,-0.97,0.139285465561669,0.00698738776508402,"2023-06"
2023-06-23,33727.43,4348.3301,13492.5156,13.44,137.85,4651.356129,9484.8209654322,228.156597995546,195.175,9.38509187082405,131.6861215,105.7351,69.5,1921.36,3.8835,2.73,164.33,584.25,0.6677,0.7584,1.1141,1.0889,1.2711,26.22,507.29601,2453.60433,30695.46940749,NA,2.26,-0.97,0.139285465561669,0.00695991091314031,"2023-06"
2023-06-26,33714.71,4328.8198,13335.7803,14.25,140.09,4667.533528,9475.0164445776,227.842455492457,195.625,9.41504372365258,132.369108,109.02,69.37,1922.85,3.784,2.892,164.53,637.25,0.6671,0.7602,1.1164,1.0904,1.2712,26.14,509.17916,2454.6872,30271.13101674,NA,2.23,-0.93,0.138167348292252,0.00696791276173222,"2023-06"
2023-06-27,33926.74,4378.4102,13555.6729,13.74,140.56,4718.134434,9510.4279,225.897875590114,194.865,9.36337128575396,132.5217075,110.8533,67.7,1913.35,3.784,2.789,166.18,623,0.6688,0.7585,1.1193,1.0959,1.2746,26.8,513.21769,2473.23384,30688.163854246,NA,2.28,-0.97,0.138517584807391,0.00694251596778673,"2023-06"
2023-06-28,33852.66,4376.8599,13591.75,13.43,138.37,4740.556725,9480.632,229.755943934937,195.225,9.36337128575396,132.361341,108.2984,69.56,1907.42,3.784,2.668,161.38,590,0.66,0.7543,1.1148,1.0911,1.264,26.76,520.3256,2508.408,30086.246188525,NA,2.24,-1,0.138052901871997,0.00692161273576743,"2023-06"
2023-06-29,34122.42,4396.4399,13591.3311,13.54,143.05,4730.935216,9423.2953535892,229.55717492661,194.19,9.30512864790192,130.954656,113.4538,69.9,1908.15,3.784,2.678,162.02,534.75,0.6617,0.7546,1.1118,1.0864,1.2612,26.77,509.90316,2481.91548,30445.351226088,NA,2.25,-1.02,0.137883488452258,0.0069072699015714,"2023-06"
2023-06-30,34407.6,4450.3799,13787.9229,13.59,149.96,4799.40719,9568.0176,230.048104248978,194.375,9.33180841477785,131.852805,110.6351,70.45,1919.57,3.784,2.776,159.08,495,0.6666,0.7553,1.1164,1.091,1.2704,27.19,517.3704,2528.85824,30477.251282245,NA,2.26,-1.06,0.137906306455394,0.00693144797948291,"2023-06"
2023-07-03,34418.47,4455.5898,13816.7725,13.57,149.96,4798.821465,9552.8453690306,233.296447332043,194.175,9.25248824993088,131.543016,110.7695,69.79,1921.43,3.779,2.69,160.5,493.5,0.6671,0.7545,1.1157,1.0911,1.2691,27.455,523.9162075,2568.341125,31156.439491575,NA,2.29,-1.08,0.138106286598166,0.00691180536356096,"2023-07"
2023-07-04,34418.47,4455.5898,13816.7725,13.7,149.96,4776.079823,9559.042887884,231.369769132256,194.145,9.30185871032501,130.915572,110.7695,70.86,1925.09,3.779,2.751,160.5,493.5,0.6692,0.7562,1.1147,1.0877,1.2712,27.645,533.52264,2642.507,30777.581511168,NA,2.29,-1.08,0.138609744265022,0.00692257104288533,"2023-07"
2023-07-05,34288.64,4446.8198,13791.6543,14.18,144.08,4722.695705,9454.4439644992,230.478396128586,193.685,9.3110957483581,130.3631225,110.5335,71.79,1916.91,3.7535,2.655,158.3,548.25,0.6654,0.753,1.1125,1.0855,1.2704,27.53,532.10704,2634.1744,30514.16639282,NA,2.32,-0.99,0.137978613314936,0.00691323885240235,"2023-07"
2023-07-06,33922.26,4411.5898,13679.043,15.44,148.45,4597.678083,9275.357,227.471941697033,191.81,9.32639250390422,129.5716305,134.6291,71.8,1910.8,3.7535,2.627,160.45,566.75,0.6625,0.7481,1.1171,1.0887,1.274,26.925,514.8234,2538.9546,29909.337761101,NA,2.32,-0.94,0.13792152265361,0.00694082942911678,"2023-07"
2023-07-07,33734.88,4398.9502,13660.7197,14.83,148.13,4646.27922,9314.9567142072,227.83075407991,192.285,9.41368880135059,130.474399,130.4098,73.67,1924.28,3.7535,2.565,160.9,496.5,0.6688,0.7533,1.1254,1.0967,1.2836,27.31,515.94302,2574.2598,30342.264752096,NA,2.32,-0.88,0.13849456408836,0.00703432751828925,"2023-07"
2023-07-10,33944.4,4409.5298,13685.4814,15.07,142.49,4681.735349,9353.3791692495,227.787071436153,192.65,9.43778084421328,130.66812,131.7314,73.31,1924.99,3.7535,2.655,159.85,498,0.6676,0.7531,1.1296,1.0999,1.2859,27.215,514.87436,2570.964165,30414.471520593,NA,2.31,-0.84,0.138272424330416,0.00707638962601281,"2023-07"
2023-07-11,34261.42,4439.2598,13760.6992,14.84,143.99,4717.787936,9417.729,229.394664672152,192.755,9.49531645118781,130.712759,127.0724,74.83,1931.99,3.7535,2.715,157.55,505.5,0.6685,0.7558,1.1366,1.1006,1.2932,27.48,529.11278,2640.3911,30620.950938004,NA,2.32,-0.89,0.138692407977587,0.00712326815542971,"2023-07"
2023-07-12,34347.43,4472.1602,13918.9629,13.54,148.32,4852.319888,9630.5475872628,230.633767734017,194.2,9.49531645118781,132.901704,114.0714,75.75,1957.09,3.7535,2.641,157,549.75,0.6789,0.7583,1.1527,1.1128,1.2986,28.155,548.26892,2746.539,30391.646143934,NA,2.34,-0.86,0.139555654795132,0.00721995595826865,"2023-07"
2023-07-13,34395.14,4510.04,14138.5703,13.61,147.08,4929.311424,9771.2149160935,234.871622111135,195.03,9.63486198652467,134.94054,111.7525,76.89,1960.19,3.7535,2.55,157.6,593.5,0.6889,0.7628,1.1644,1.1224,1.3133,27.86,555.6243975,2783.53935,31476.049385444,NA,2.32,-0.83,0.13984058173682,0.00724480185466927,"2023-07"
2023-07-14,34509.03,4505.4199,14113.7031,13.34,149.48,4940.003497,9728.9176882428,233.585202278791,194.995,9.59147616643831,134.7745215,112.4758,75.42,1954.93,3.933,2.547,160.8,514.25,0.6837,0.7566,1.16,1.1227,1.3086,27.99,553.40694,2758.20165,30334.069007691,NA,2.33,-0.91,0.140050137949386,0.00721136511141559,"2023-07"
2023-07-17,34585.35,4522.79,14244.9482,13.48,142.24,4894.417886,9680.9053119042,233.585202278791,194.64,9.58696749080949,135.094467,113.5,74.15,1954.74,3.933,2.532,155.8,499.25,0.6816,0.7576,1.1618,1.1234,1.3071,28.05,542.57721,2740.008375,30145.889625509,NA,2.34,-0.93,0.139429176949568,0.00720824623369134,"2023-07"
2023-07-18,34951.93,4554.98,14353.6426,13.3,141.86,4905.458898,9715.152834163,234.063677291554,195.345,9.57284350801369,135.941247,112.4496,75.75,1978.71,3.933,2.623,156.3,528.75,0.6811,0.7594,1.1656,1.1226,1.3034,27.96,545.99426,2770.70255,29856.563223121,NA,2.33,-0.94,0.13930292814755,0.00720331352422114,"2023-07"
2023-07-19,35061.21,4565.7202,14358.0186,13.76,141.25,4884.881144,9816.8545922715,235.501521280023,195.24,9.49958835952321,135.064677,107.1888,75.35,1976.74,3.933,2.622,155.5,545.5,0.6772,0.7597,1.1647,1.1198,1.2937,28.08,577.831105,2861.01755,29913.923199854,NA,2.31,-0.99,0.1383700013837,0.00715896481368794,"2023-07"
2023-07-20,35225.18,4534.8701,14063.3096,13.99,142.82,4870.148355,9842.8246561554,231.942604226156,194.55,9.50278412335808,133.95405,112.8522,75.84,1972.24,3.933,2.75,158.75,545.75,0.6777,0.7591,1.1537,1.1135,1.2873,28.02,573.299055,2831.094525,29792.016378051,NA,2.49,-0.95,0.139322336156933,0.00713877784123358,"2023-07"
2023-07-21,35227.69,4536.3398,14032.8096,13.6,142.55,4885.443625,9850.920230653,228.040731328533,194.88,9.4585627558944,134.123,106.6609,76.81,1961.96,3.933,2.723,160.92,537,0.6727,0.7561,1.1546,1.1125,1.2854,28.34,569.88209,2827.55865,29908.743898772,NA,2.47,-0.98,0.139157540251319,0.00705915572497529,"2023-07"
2023-07-24,35411.24,4554.6401,14058.8662,13.91,143.75,4848.507786,9853.1796457536,231.175568201902,194.665,9.36693648156658,133.678739,109.9465,78.74,1954.51,3.8555,2.688,163.18,568.5,0.674,0.7594,1.1496,1.1062,1.2832,28.49,565.79496,2815.9824,29176.915484833,NA,2.48,-0.95,0.139149794754053,0.00706938602382383,"2023-07"
2023-07-25,35438.07,4567.46,14144.5596,13.86,142.18,4853.70389,9922.42174845,231.922438262844,194.12,9.45394550099347,133.5920845,113.0235,79.63,1964.58,3.8555,2.747,161.85,557.5,0.6789,0.7591,1.1567,1.1053,1.29,28.45,567.213,2811.555,29227.390799952,NA,2.52,-0.94,0.14012667451376,0.00709622480840193,"2023-07"
2023-07-26,35520.12,4566.75,14127.2803,13.19,143.58,4816.838045,9933.1407831978,232.970868247459,194.285,9.50615082902478,133.3340315,104.8782,78.78,1972.1,3.902,2.693,163.6,540.25,0.676,0.7572,1.1617,1.1083,1.2939,28.395,571.580325,2823.613275,29354.972883149,NA,2.48,-0.96,0.139854271848734,0.00713139597076128,"2023-07"
2023-07-27,35282.72,4537.4102,14050.1104,14.41,147.93,4880.175912,9841.3987905365,235.855006991503,193.61,9.55397798573016,132.071028,111.146,80.09,1944.99,3.8755,2.595,161.13,533.25,0.6707,0.7563,1.1508,1.0973,1.2793,28.22,562.63614,2787.274875,29210.689277337,NA,2.47,-0.9,0.139388363859385,0.00717077193359865,"2023-07"
2023-07-28,35459.29,4582.23,14316.6572,13.33,143.48,4919.84975,9887.175249425,232.088062345023,193.495,9.39709528869996,132.59857,109.7603,80.58,1959.2,3.8755,2.753,158.48,531,0.6649,0.7544,1.1492,1.1015,1.285,27.94,557.015375,2794.2325,29319.245403035,NA,2.48,-0.91,0.139883616830797,0.00708466170740347,"2023-07"
2023-07-31,35559.53,4588.96,14346.0195,13.63,145.47,4915.311083,9883.7196541974,233.122878527004,193.605,9.25647422607963,132.223804,112.0316,81.8,1964.19,3.8755,2.646,165.7,504,0.6721,0.758,1.147,1.0993,1.2837,28.095,559.43646,2795.8986,29230.110878649,NA,2.47,-0.91,0.14000112000896,0.00702765381777294,"2023-07"
2023-08-01,35630.68,4576.73,14283.9102,13.93,142.57,4840.360428,9795.2312608485,233.481517645418,192.68,9.25647422607963,131.492977,116.3765,81.37,1944.08,3.8755,2.567,164.98,497,0.6614,0.753,1.1421,1.0982,1.2777,28.095,552.796905,2754.401775,29675.732498061,NA,2.48,-0.87,0.139318454122433,0.00697447342725624,"2023-08"
2023-08-02,35282.52,4513.3901,13973.4502,16.09,145.75,4742.3964,9610.0375645482,228.206453863597,191.835,9.09680795395081,131.199192,115.1513,79.49,1933.56,3.8435,2.479,166.85,488.25,0.654,0.7491,1.1388,1.0936,1.2709,27.7,544.07229,2706.699275,29151.959689133,NA,2.47,-0.8,0.139049181695566,0.00697714983429269,"2023-08"
2023-08-03,35215.89,4501.8901,13959.7148,15.92,147.38,4710.987072,9571.8722079035,225.592087264565,191.3,9.14454070358809,130.99968,124.6004,81.55,1933.74,3.8995,2.559,164.13,480.75,0.6553,0.7486,1.1438,1.0944,1.2713,27.27,550.1868575,2704.69075,29178.678779687,NA,2.5,-0.7,0.139542023080251,0.00701483637894146,"2023-08"
2023-08-04,35065.62,4478.0298,13909.2383,17.1,153.35,4770.53391,9643.0969950696,227.093326749436,192.225,9.19547121896163,131.8998,115.9073,82.82,1941.62,3.8995,2.581,161.42,497.5,0.6571,0.7477,1.1453,1.101,1.2748,27.635,553.32694,2742.4135,29074.091727772,NA,2.5,-0.73,0.139458343792709,0.00705417607223476,"2023-08"
2023-08-07,35473.13,4518.4399,13994.4004,15.77,148.54,4772.1175,9657.6728,226.331906532875,192.275,9.13234159006386,131.594922,120.94,81.94,1936.39,3.835,2.725,163.95,482.25,0.6573,0.748,1.1463,1.1002,1.2784,27.64,552.04508,2723.6312,29180.578921523,NA,2.53,-0.67,0.13902211841904,0.00701705143498702,"2023-08"
2023-08-08,35314.49,4499.3799,13884.3242,15.99,142.3,4700.5796,9592.9184351088,225.814548751569,192.93,9.13234159006386,132.1776,118.743,82.75,1925.66,3.835,2.792,161.4,485.75,0.6544,0.7452,1.1418,1.096,1.2744,27.31,552.07008,2699.4978,29765.492673562,NA,2.48,-0.72,0.13854829100683,0.00697447342725624,"2023-08"
2023-08-09,35123.36,4467.71,13722.0156,15.96,137.12,4737.406209,9649.527891999,224.06909027657,193.215,9.08297095146982,132.0435955,112.5531,84.4,1914.59,3.835,2.963,160.2,481,0.6528,0.7452,1.1397,1.0973,1.2718,27.455,552.91505,2729.9187,29561.494507324,NA,2.45,-0.79,0.13869625520111,0.0069577317794399,"2023-08"
2023-08-10,35176.15,4468.8301,13737.9854,15.85,136.58,4813.237516,9656.575624215,224.35075477564,192.945,9.02310960654945,131.8632795,108.6421,82.82,1912.06,3.835,2.781,159.5,483.25,0.6516,0.7436,1.1407,1.0979,1.2675,27.63,552.946875,2786.915625,29429.592488566,NA,2.41,-0.73,0.138542532557495,0.00690870150955128,"2023-08"
2023-08-11,35281.4,4464.0498,13644.8496,14.84,135.16,4729.263552,9551.219727533,224.35075477564,191.695,9.02310960654945,130.594752,112.1288,83.19,1913.32,3.719,2.784,157.27,487.25,0.6498,0.7439,1.1401,1.0944,1.2694,27.36,540.89134,2729.8447,29397.715497007,NA,2.42,-0.73,0.13818453162353,0.00689845474613687,"2023-08"
2023-08-14,35307.63,4489.7202,13788.3311,14.82,136.9,4721.682792,9519.12984726,220.403616114396,191.455,9.02310960654945,130.073816,119.94,82.51,1907.9,3.7255,2.819,150.77,475.75,0.6485,0.7429,1.1387,1.0904,1.268,27.19,537.315,2710.35,29408.442550403,NA,2.43,-0.77,0.137744841455687,0.00687474219716761,"2023-08"
2023-08-15,34946.39,4437.8599,13631.0469,16.46,136.69,4676.256728,9387.0090044894,221.451366946009,191.295,8.95109218299217,129.654012,121.8001,80.99,1901.56,3.7255,2.655,149.73,464,0.6454,0.7407,1.1387,1.0904,1.2703,26.98,533.1131525,2677.15725,29170.347205994,NA,2.4,-0.71,0.137304169927641,0.00686907542244814,"2023-08"
2023-08-16,34765.74,4404.3301,13474.6279,16.78,132.09,4658.715198,9363.1265052754,221.451366946009,191.075,8.95109218299217,129.628954,117.2353,79.38,1891.76,3.7255,2.599,148.73,469.5,0.6424,0.739,1.136,1.0874,1.2727,26.72,533.00676,2673.624525,28701.77952453,NA,2.41,-0.69,0.137012577754638,0.00683293474547318,"2023-08"
2023-08-17,34474.83,4370.3599,13316.9297,17.89,132.51,4596.073993,9316.8501485275,216.913580246914,190.155,8.90500685871056,129.223577,121.1421,80.06,1888.89,3.6915,2.62,145.83,473,0.6404,0.7383,1.1383,1.0871,1.2745,26.56,521.0156,2640.445375,26664.54999312,NA,2.42,-0.64,0.137145991908386,0.00685871056241427,"2023-08"
2023-08-18,34500.66,4369.71,13290.7803,17.3,134.77,4580.31924,9250.1187551774,216.349728279562,190.765,8.9457934924675,129.81168,120.5108,81.4,1889.42,3.6915,2.572,148,492.5,0.6402,0.7377,1.1339,1.0872,1.2737,26.23,512.3776675,2597.0743,26049.556900881,NA,2.42,-0.66,0.137362637362637,0.00687899841783036,"2023-08"
2023-08-21,34463.69,4399.77,13497.5898,17.13,133.59,4601.305917,9256.6234035296,215.862955617862,189.57,8.88394994187239,129.287061,130.69,80.12,1893.94,3.6915,2.604,150.8,483,0.6413,0.7383,1.1383,1.0891,1.2754,26.085,503.40038,2556.22045,26124.141253131,NA,2.43,-0.63,0.137215620626252,0.00683854202284073,"2023-08"
2023-08-22,34288.83,4387.5498,13505.8701,16.97,134.06,4619.945228,9255.728151765,215.862955617862,189.8,8.88767048180385,129.298434,126.6511,80.35,1897,3.7505,2.556,150.05,466.5,0.6422,0.738,1.1353,1.0844,1.273,26.03,509.8365,2592.14625,26031.656479448,NA,2.43,-0.68,0.137093346859877,0.00685353985333425,"2023-08"
2023-08-23,34472.98,4436.0098,13721.0303,15.98,131.82,4633.176953,9316.0683,220.996651593082,189.8,8.94438882943837,130.5740455,118.3972,78.89,1914.31,3.8035,2.473,153.9,476.25,0.6472,0.7394,1.1391,1.0859,1.2726,26.33,523.452195,2645.0991,26431.6399827,NA,2.44,-0.76,0.137389058335394,0.00690393178915392,"2023-08"
2023-08-24,34099.42,4376.3101,13463.9697,17.2,132.48,4633.176953,9239.6027634702,221.319601055626,189.97,8.94438882943837,130.118742,117.5614,79.05,1916.6,3.7675,2.508,154.3,472.25,0.642,0.736,1.1306,1.0809,1.2599,26.635,517.69291,2628.466375,26162.372494951,NA,2.4,-0.75,0.137389058335394,0.00685471432978031,"2023-08"
2023-08-25,34346.9,4405.71,13590.6465,15.68,132.27,4575.15,9229.7573432546,215.998087562325,189.68,8.94438882943837,129.6,110.3671,79.83,1914.53,3.7655,2.55,153.15,487,0.64,0.7349,1.1301,1.08,1.2577,26.49,514.839495,2626.70645,26047.668851048,NA,2.41,-0.78,0.137193030594046,0.00683013455365071,"2023-08"
2023-08-28,34559.98,4433.3101,13705.1299,15.08,130.19,4644.484473,9229.7573432546,219.522945170425,189.68,8.84062915827903,129.6579705,110.45,80.1,1919.66,3.754,2.665,151.8,478.5,0.643,0.7354,1.1315,1.0817,1.2603,26.79,514.839495,2626.70645,26106.150043965,NA,2.39,-0.78,0.137164803511419,0.00682384250571497,"2023-08"
2023-08-29,34852.67,4497.6299,13943.7598,14.45,135.23,4705.901419,9434.267,221.06578405817,190.825,8.91343119769516,130.9210105,110.6829,81.16,1937.12,3.793,2.662,153.1,469.5,0.6482,0.7375,1.1385,1.0877,1.2638,26.695,525.80399,2701.68845,27727.393009042,NA,2.4,-0.75,0.13734943068661,0.00685965152970229,"2023-08"
2023-08-30,34890.24,4514.8701,14019.3096,13.88,142.14,4714.044644,9505.051908001,221.075929028067,191.135,8.88858500564083,131.219088,109.8424,81.63,1942.24,3.785,3.181,155.35,461.75,0.6477,0.7389,1.1389,1.0924,1.2718,26.9,531.80317,2719.42635,27297.265348321,NA,2.36,-0.78,0.137264591226047,0.00683737308126218,"2023-08"
2023-08-31,34721.91,4507.6602,14034.9688,13.57,144.7,4658.496951,9427.5715541954,224.118588752619,191.39,8.92301350097908,130.8888135,107.9275,83.63,1939.74,3.7725,2.752,154.5,461,0.6479,0.7403,1.1322,1.0841,1.2673,26.935,530.7135575,2763.9813,25931.472893357,NA,2.33,-0.76,0.137761919850115,0.00687072726648116,"2023-08"
2023-09-01,34837.71,4515.77,14031.8145,13.09,144.28,4613.688072,9396.3126,223.692949463174,190.445,8.87027285782671,129.3891165,102.9245,85.55,1938.8,3.8505,2.757,151.9,482.75,0.645,0.7354,1.1287,1.0773,1.2588,27.055,518.24796,2710.5111,25800.724372608,NA,2.35,-0.69,0.137729664215079,0.00683854202284073,"2023-09"
2023-09-04,34837.71,4515.77,14031.8145,13.82,144.28,4613.688072,9406.1786338905,224.871518296013,190.26,8.84830693610049,129.344502,102.9245,85.82,1938.19,3.8215,2.647,151.9,483.25,0.6459,0.7357,1.1305,1.0794,1.2621,27.055,517.20858,2711.306325,25812.415268673,NA,2.35,-0.69,0.1374910630809,0.00682687056253414,"2023-09"
2023-09-05,34641.97,4496.8301,14020.9521,14.01,139.62,4576.53952,9344.2336468826,223.644462496615,189.665,8.84830693610049,128.1308,109.64,86.69,1925.81,3.811,2.58,153.45,471,0.6376,0.733,1.1247,1.072,1.2563,26.79,513.135735,2688.167925,25779.981794985,NA,2.37,-0.67,0.136900035594009,0.00676956404007582,"2023-09"
2023-09-06,34443.19,4465.48,13872.4707,14.45,137.88,4546.381502,9286.338172549,225.118650954896,189.27,8.84830693610049,127.8068415,111.3068,87.69,1916.28,3.7485,2.512,153.8,471.5,0.6384,0.7334,1.1223,1.0727,1.2505,26.42,515.3623125,2710.45875,25753.236258311,NA,2.37,-0.71,0.136664297818838,0.00677231477719084,"2023-09"
2023-09-07,34500.73,4451.1401,13748.832,14.4,135.59,4546.381502,9282.0326532235,223.979632709868,189.64,8.84830693610049,127.810254,105.1982,86.87,1919.19,3.726,2.583,149.8,470.75,0.6377,0.7308,1.12,1.0699,1.2473,26.47,509.52205,2690.737925,26240.19489212,NA,2.4,-0.67,0.136438677636336,0.00678909671068264,"2023-09"
2023-09-08,34576.59,4457.4902,13761.5254,13.84,138.18,4533.369581,9320.828723048,220.599688789662,190.135,8.77477843177052,128.056331,104.3362,87.51,1917.81,3.7145,2.618,148.65,483,0.6375,0.733,1.1192,1.0699,1.2464,26.685,511.24212,2686.3036,25905.653751513,NA,2.4,-0.72,0.136184120931499,0.00676544212164265,"2023-09"
2023-09-11,34663.72,4487.46,13917.8945,13.8,138.21,4572.553884,9377.8720874118,221.486868135616,189.57,8.75332560201924,128.298876,107.23,87.29,1921.66,3.77,2.62,152.85,471.25,0.6432,0.7366,1.1226,1.0748,1.2509,26.53,514.37008,2733.2165,25162.655272248,NA,2.44,-0.68,0.137185502236124,0.00682174773176888,"2023-09"
2023-09-12,34645.99,4461.8999,13773.6143,14.23,136.25,4561.288704,9397.331,222.786636759108,189.615,8.7360657966286,128.265984,105.1144,88.84,1913.26,3.7505,2.734,152,463.25,0.6422,0.7378,1.1216,1.0752,1.2484,26.435,510.09624,2696.2319,25833.343060492,NA,2.41,-0.71,0.13714034943361,0.00679717237629146,"2023-09"
2023-09-13,34575.53,4467.4399,13813.5898,13.48,137.42,4561.288704,9398.4688,221.791747194249,189.745,8.72885091377615,128.265984,101.8585,88.52,1906.3,3.756,2.706,151.95,464,0.6422,0.7381,1.119,1.0752,1.2488,26.57,514.84902,2712.0814,26228.324087514,NA,2.42,-0.71,0.137532664007702,0.0067812701318957,"2023-09"
2023-09-14,34907.11,4505.1001,13926.0498,12.82,144.32,4554.081975,9521.5499116082,224.906594338023,189.775,8.72885091377615,127.2716805,97.1109,90.16,1910.32,3.7825,2.696,154,462.5,0.6441,0.7403,1.1166,1.0641,1.2409,26.715,523.4426425,2751.69575,26539.674442453,NA,2.41,-0.71,0.137419266181119,0.00678081030683167,"2023-09"
2023-09-15,34618.24,4450.3198,13708.3301,13.79,142.92,4576.375775,9553.6533385878,226.850832093086,189.29,8.71059396563388,126.81581,96.6141,90.77,1923.57,3.7975,2.643,159.15,475.25,0.6432,0.7393,1.1138,1.0655,1.2389,26.72,516.9000525,2714.739625,26608.693364912,NA,2.43,-0.69,0.137468382272077,0.00676498444053579,"2023-09"
2023-09-18,34624.3,4453.5298,13710.2373,14,137.65,4538.84572,9475.8206586564,226.850832093086,189.09,8.72823362016397,126.7834,99.32,90.58,1933.14,3.7415,2.729,159.6,471.5,0.6437,0.7413,1.1146,1.069,1.2382,26.62,501.53291,2655.939,26754.281037725,NA,2.43,-0.73,0.137145991908386,0.00677552679720848,"2023-09"
2023-09-19,34517.73,4443.9502,13678.1904,14.11,137.31,4529.93079,9490.988041605,224.855181277056,189.115,8.72823362016397,126.4210185,101.3061,90.48,1930.94,3.714,2.726,160.95,476.25,0.6455,0.7436,1.114,1.0677,1.239,26.53,503.21985,2686.7715,27211.117819724,NA,2.44,-0.71,0.137035108394771,0.00676406926406926,"2023-09"
2023-09-20,34440.88,4402.2002,13469.1299,15.14,135.74,4557.767082,9544.010720708,222.629723261536,189.355,8.72823362016397,126.501012,97.0423,89.66,1929.68,3.7465,2.723,159.25,482.25,0.6446,0.7428,1.1129,1.0659,1.2344,26.72,518.7566,2725.5552,27132.007340129,NA,2.43,-0.77,0.137213737839432,0.00674149728654734,"2023-09"
2023-09-21,34070.42,4330,13223.9805,17.54,135.94,4557.767082,9440.0709604812,220.678410515261,187.59,8.72455028964396,126.318616,106.0029,89.63,1919.57,3.6665,2.622,156.05,475.25,0.6418,0.7417,1.1056,1.0658,1.2294,26.15,517.76181,2682.24345,26567.632904403,NA,2.47,-0.63,0.136840088672377,0.00677529726616755,"2023-09"
2023-09-22,33963.84,4320.0601,13211.8066,17.2,137.74,4481.466832,9403.5692489128,218.389230976613,188.18,8.67089034171328,126.2262,101.1122,90.03,1924.99,3.694,2.651,152.25,477.75,0.6441,0.7415,1.1022,1.0652,1.2238,25.63,512.40506,2662.68285,26579.568637132,NA,2.45,-0.66,0.137023842148534,0.00673990698928355,"2023-09"
2023-09-25,34006.88,4337.4399,13271.3193,16.9,133.06,4413.24483,9309.6664,219.489001578399,187.24,8.67089034171328,125.07849,117.33,89.68,1915.66,3.6495,2.906,148.23,481.25,0.6424,0.7433,1.0965,1.059,1.2211,25.16,505.5354,2637.881275,26298.479551175,NA,2.49,-0.54,0.136780194227876,0.006716593343856,"2023-09"
2023-09-26,33618.88,4273.5298,13063.6104,18.94,136.3,4364.54326,9270.5637270615,216.835871972086,186.925,8.67089034171328,124.76828,117.7173,90.39,1900.49,3.625,2.845,150.15,479.75,0.6396,0.7397,1.092,1.057,1.2157,25.02,503.78608,2566.95055,26217.249335751,NA,2.46,-0.48,0.136774581811716,0.00671005837750788,"2023-09"
2023-09-27,33550.27,4274.5098,13092.8496,18.22,135.38,4364.54326,9213.589116613,216.339094463194,186.805,8.67089034171328,123.65325,122.089,93.68,1874.7,3.627,2.899,148.75,483.25,0.6353,0.7409,1.0855,1.05,1.2134,25.095,488.93953,2504.76095,26352.717618909,NA,2.45,-0.49,0.136780194227876,0.00668292845925084,"2023-09"
2023-09-28,33666.34,4299.7002,13201.2764,17.34,133.48,4394.191204,9272.0373104694,216.81725595258,186.115,8.61525066139781,123.5350205,115.2436,91.71,1864.56,3.6945,2.952,146.98,488.5,0.6425,0.7414,1.0929,1.0559,1.2197,24.88,483.7025275,2518.07065,27021.546764739,NA,2.51,-0.45,0.136958159282339,0.00669769934027661,"2023-09"
2023-09-29,33507.5,4288.0498,13219.3223,17.52,134.5,4412.61562,9279.5996895306,213.308464010713,186.99,8.61525066139781,124.509315,113.5477,90.79,1848.31,3.734,2.931,145.23,476,0.6434,0.7365,1.0925,1.057,1.2197,25.19,494.83229,2597.961,26911.721602766,NA,2.48,-0.44,0.136958159282339,0.00669568128557081,"2023-09"
